year,AreaAll,TotalVotesAll,RepVotesAll,DemVotesAll,ThirdVotesAll,OtherVotesAll,PluralityVotesAll,PluralityPartyAll,RepDemPluralityVotesAll,RepDemPluralityPartyAll,RepVotesTotalPercentAll,DemVotesTotalPercentAll,ThirdVotesTotalPercentAll,OtherVotesTotalPercentAll,RepVotesMajorPercentAll,DemVotesMajorPercentAll
1976,Utah,"539,649","248,027","280,706",N/A,"10,916","32,679",D,"32,679",D,45.96,52.02,0,2.02,46.91,53.09
1976,Vermont,"185,929","99,268","75,262",N/A,"11,399","24,006",R,"24,006",R,53.39,40.48,0,6.13,56.88,43.12
1976,Washington,"1,546,380","687,039","821,797",N/A,"37,544","134,758",D,"134,758",D,44.43,53.14,0,2.43,45.53,54.47
1976,West Virginia,"749,270","253,420","495,661",N/A,189,"242,241",D,"242,241",D,33.82,66.15,0,0.03,33.83,66.17
1976,Arkansas,"726,949","121,716","605,083",N/A,150,"483,367",D,"483,367",D,16.74,83.24,0,0.02,16.75,83.25
1976,Delaware,"229,563","130,531","97,480",N/A,"1,552","33,051",R,"33,051",R,56.86,42.46,0,0.68,57.25,42.75
1976,Illinois,"4,635,728","3,000,395","1,606,989",N/A,"28,344","1,393,406",R,"1,393,406",R,64.72,34.67,0,0.61,65.12,34.88
1976,Indiana,"2,175,324","1,236,555","927,243",N/A,"11,526","309,312",R,"309,312",R,56.84,42.63,0,0.53,57.15,42.85
1976,Missouri,"1,933,575","958,110","971,184",N/A,"4,281","13,074",D,"13,074",D,49.55,50.23,0,0.22,49.66,50.34
1976,Montana,"316,720","115,848","195,420",N/A,"5,452","79,572",D,"79,572",D,36.58,61.7,0,1.72,37.22,62.78
1976,New Hampshire,"342,669","197,589","145,015",N/A,65,"52,574",R,"52,574",R,57.66,42.32,0,0.02,57.67,42.33
1976,North Carolina,"1,663,814","564,092","1,081,293",N/A,"18,429","517,201",D,"517,201",D,33.9,64.99,0,1.11,34.28,65.72
1976,North Dakota,"297,249","138,321","153,309",N/A,"5,619","14,988",D,"14,988",D,46.53,51.58,0,1.89,47.43,52.57
1976,Rhode Island,"398,683","178,254","218,561",N/A,"1,868","40,307",D,"40,307",D,44.71,54.82,0,0.47,44.92,55.08
1977,New Jersey,"2,126,264","888,880","1,184,564",N/A,"52,820","295,684",D,"295,684",D,41.8,55.71,0,2.48,42.87,57.13
1977,Virginia,"1,250,940","699,302","541,319",N/A,"10,319","157,983",R,"157,983",R,55.9,43.27,0,0.82,56.37,43.63
1978,Alabama,"760,474","196,963","551,886",N/A,"11,625","354,923",D,"354,923",D,25.9,72.57,0,1.53,26.3,73.7
1978,Alaska,"126,910","49,580","25,656",N/A,"51,674","2,094",O,"23,924",R,39.07,20.22,0,40.72,65.9,34.1
1978,Arizona,"538,556","241,093","282,605",N/A,"14,858","41,512",D,"41,512",D,44.77,52.47,0,2.76,46.04,53.96
1978,Arkansas,"528,912","193,746","335,101",N/A,65,"141,355",D,"141,355",D,36.63,63.36,0,0.01,36.64,63.36
1978,California,"6,922,378","2,526,534","3,878,812",N/A,"517,032","1,352,278",D,"1,352,278",D,36.5,56.03,0,7.47,39.44,60.56
1978,Colorado,"823,807","317,292","483,985",N/A,"22,530","166,693",D,"166,693",D,38.52,58.75,0,2.73,39.6,60.4
1978,Connecticut,"1,036,608","422,316","613,109",N/A,"1,183","190,793",D,"190,793",D,40.74,59.15,0,0.11,40.79,59.21
1978,Florida,"2,530,468","1,123,888","1,406,580",N/A,N/A,"282,692",D,"282,692",D,44.41,55.59,0,0,44.41,55.59
1978,Hawaii,"281,587","124,610","153,394",N/A,"3,583","28,784",D,"28,784",D,44.25,54.47,0,1.27,44.82,55.18
1978,Idaho,"288,566","114,149","169,540",N/A,"4,877","55,391",D,"55,391",D,39.56,58.75,0,1.69,40.24,59.76
1978,Illinois,"3,150,095","1,859,684","1,263,134",N/A,"27,277","596,550",R,"596,550",R,59.04,40.1,0,0.87,59.55,40.45
1978,Iowa,"843,190","491,713","345,519",N/A,"5,958","146,194",R,"146,194",R,58.32,40.98,0,0.71,58.73,41.27
1978,Kansas,"736,246","348,015","363,835",N/A,"24,396","15,820",D,"15,820",D,47.27,49.42,0,3.31,48.89,51.11
1978,Maine,"370,258","126,862","176,493",N/A,"66,903","49,631",D,"49,631",D,34.26,47.67,0,18.07,41.82,58.18
1978,Maryland,"1,011,963","293,635","718,328",N/A,N/A,"424,693",D,"424,693",D,29.02,70.98,0,0,29.02,70.98
1978,Massachusetts,"1,962,251","926,072","1,030,294",N/A,"5,885","104,222",D,"104,222",D,47.19,52.51,0,0.3,47.34,52.66
1978,Michigan,"2,867,212","1,628,485","1,237,256",N/A,"1,471","391,229",R,"391,229",R,56.8,43.15,0,0.05,56.83,43.17
1978,Minnesota,"1,585,702","830,019","718,244",N/A,"37,439","111,775",R,"111,775",R,52.34,45.3,0,2.36,53.61,46.39
1978,Nebraska,"492,423","275,473","216,754",N/A,196,"58,719",R,"58,719",R,55.94,44.02,0,0.04,55.96,44.04
1978,Nevada,"192,445","108,097","76,361",N/A,"7,987","31,736",R,"31,736",R,56.17,39.68,0,4.15,58.6,41.4
1978,New Hampshire,"269,587","122,464","133,133",N/A,"13,990","10,669",D,"10,669",D,45.43,49.38,0,5.19,47.91,52.09
1978,New Mexico,"345,577","170,848","174,631",N/A,98,"3,783",D,"3,783",D,49.44,50.53,0,0.03,49.45,50.55
1978,New York,"4,768,820","2,156,404","2,429,272",N/A,"183,144","272,868",D,"272,868",D,45.22,50.94,0,3.84,47.02,52.98
1978,Ohio,"2,843,351","1,402,167","1,354,631",N/A,"86,553","47,536",R,"47,536",R,49.31,47.64,0,3.04,50.86,49.14
1978,Oklahoma,"777,414","367,055","402,240",N/A,"8,119","35,185",D,"35,185",D,47.21,51.74,0,1.04,47.71,52.29
1978,Oregon,"911,143","498,452","409,411",N/A,"3,280","89,041",R,"89,041",R,54.71,44.93,0,0.36,54.9,45.1
1978,Pennsylvania,"3,741,969","1,966,042","1,737,888",N/A,"38,039","228,154",R,"228,154",R,52.54,46.44,0,1.02,53.08,46.92
1978,Rhode Island,"314,363","96,596","197,386",N/A,"20,381","100,790",D,"100,790",D,30.73,62.79,0,6.48,32.86,67.14
1978,South Carolina,"627,182","236,946","384,898",N/A,"5,338","147,952",D,"147,952",D,37.78,61.37,0,0.85,38.1,61.9
1978,South Dakota,"259,795","147,116","112,679",N/A,N/A,"34,437",R,"34,437",R,56.63,43.37,0,0,56.63,43.37
1978,Tennessee,"1,189,695","661,959","523,495",N/A,"4,241","138,464",R,"138,464",R,55.64,44,0,0.36,55.84,44.16
1978,Texas,"2,369,764","1,183,839","1,166,979",N/A,"18,946","16,860",R,"16,860",R,49.96,49.24,0,0.8,50.36,49.64
1978,Vermont,"124,482","78,181","42,482",N/A,"3,819","35,699",R,"35,699",R,62.81,34.13,0,3.07,64.79,35.21
1978,Wisconsin,"1,500,996","816,056","673,813",N/A,"11,127","142,243",R,"142,243",R,54.37,44.89,0,0.74,54.77,45.23
1978,Wyoming,"137,567","67,595","69,972",N/A,N/A,"2,377",D,"2,377",D,49.14,50.86,0,0,49.14,50.86
1979,Kentucky,"939,366","381,278","558,088",N/A,N/A,"176,810",D,"176,810",D,40.59,59.41,0,0,40.59,59.41
1979,Louisiana,"1,371,825","690,691","681,134",N/A,N/A,"9,557",R,"9,557",R,50.35,49.65,0,0,50.35,49.65
1979,Mississippi,"677,322","263,702","413,620",N/A,N/A,"149,918",D,"149,918",D,38.93,61.07,0,0,38.93,61.07
1980,Arkansas,"838,925","435,684","403,241",N/A,N/A,"32,443",R,"32,443",R,51.93,48.07,0,0,51.93,48.07
1980,Delaware,"225,081","159,004","64,217",N/A,"1,860","94,787",R,"94,787",R,70.64,28.53,0,0.83,71.23,28.77
1980,Indiana,"2,178,403","1,257,383","913,116",N/A,"7,904","344,267",R,"344,267",R,57.72,41.92,0,0.36,57.93,42.07
1980,Missouri,"2,088,028","1,098,950","981,884",N/A,"7,194","117,066",R,"117,066",R,52.63,47.02,0,0.34,52.81,47.19
1980,Montana,"360,470","160,896","199,574",N/A,N/A,"38,678",D,"38,678",D,44.64,55.36,0,0,44.64,55.36
1980,New Hampshire,"384,031","156,178","226,436",N/A,"1,417","70,258",D,"70,258",D,40.67,58.96,0,0.37,40.82,59.18
1980,North Carolina,"1,847,432","691,449","1,143,145",N/A,"12,838","451,696",D,"451,696",D,37.43,61.88,0,0.69,37.69,62.31
1980,North Dakota,"302,621","162,230","140,391",N/A,N/A,"21,839",R,"21,839",R,53.61,46.39,0,0,53.61,46.39
1980,Rhode Island,"405,916","106,729","299,174",N/A,13,"192,445",D,"192,445",D,26.29,73.7,0,0,26.29,73.71
1980,Utah,"600,019","266,578","330,974",N/A,"2,467","64,396",D,"64,396",D,44.43,55.16,0,0.41,44.61,55.39
1980,Vermont,"210,381","123,229","77,363",N/A,"9,789","45,866",R,"45,866",R,58.57,36.77,0,4.65,61.43,38.57
1980,Washington,"1,730,896","981,083","749,813",N/A,N/A,"231,270",R,"231,270",R,56.68,43.32,0,0,56.68,43.32
1980,West Virginia,"742,150","337,240","401,863",N/A,"3,047","64,623",D,"64,623",D,45.44,54.15,0,0.41,45.63,54.37
1981,New Jersey,"2,317,239","1,145,999","1,144,202",N/A,"27,038","1,797",R,"1,797",R,49.46,49.38,0,1.17,50.04,49.96
1981,Virginia,"1,420,638","659,398","760,384",N/A,856,"100,986",D,"100,986",D,46.42,53.52,0,0.06,46.44,53.56
1982,Alabama,"1,128,725","440,815","650,538",N/A,"37,372","209,723",D,"209,723",D,39.05,57.63,0,3.31,40.39,59.61
1982,Alaska,"194,885","72,291","89,918",N/A,"32,676","17,627",D,"17,627",D,37.09,46.14,0,16.77,44.57,55.43
1982,Arizona,"726,364","235,877","453,795",N/A,"36,692","217,918",D,"217,918",D,32.47,62.47,0,5.05,34.2,65.8
1982,Arkansas,"789,351","357,496","431,855",N/A,N/A,"74,359",D,"74,359",D,45.29,54.71,0,0,45.29,54.71
1982,California,"7,876,698","3,881,014","3,787,669",N/A,"208,015","93,345",R,"93,345",R,49.27,48.09,0,2.64,50.61,49.39
1982,Colorado,"956,021","302,740","627,960",N/A,"25,321","325,220",D,"325,220",D,31.67,65.68,0,2.65,32.53,67.47
1982,Connecticut,"1,083,876","497,773","578,264",N/A,"7,839","80,491",D,"80,491",D,45.93,53.35,0,0.72,46.26,53.74
1982,Florida,"2,688,566","949,013","1,739,553",N/A,N/A,"790,540",D,"790,540",D,35.3,64.7,0,0,35.3,64.7
1982,Georgia,"1,169,043","434,496","734,092",N/A,455,"299,596",D,"299,596",D,37.17,62.79,0,0.04,37.18,62.82
1982,Hawaii,"311,853","81,507","141,043",N/A,"89,303","51,740",D,"59,536",D,26.14,45.23,0,28.64,36.62,63.38
1982,Idaho,"326,522","161,157","165,365",N/A,N/A,"4,208",D,"4,208",D,49.36,50.64,0,0,49.36,50.64
1982,Illinois,"3,673,681","1,816,101","1,811,027",N/A,"46,553","5,074",R,"5,074",R,49.44,49.3,0,1.27,50.07,49.93
1982,Iowa,"1,038,229","548,313","483,291",N/A,"6,625","65,022",R,"65,022",R,52.81,46.55,0,0.64,53.15,46.85
1982,Kansas,"763,263","339,356","405,772",N/A,"18,135","66,416",D,"66,416",D,44.46,53.16,0,2.38,45.54,54.46
1982,Maine,"460,295","172,949","281,066",N/A,"6,280","108,117",D,"108,117",D,37.57,61.06,0,1.36,38.09,61.91
1982,Maryland,"1,139,149","432,826","705,910",N/A,413,"273,084",D,"273,084",D,38,61.97,0,0.04,38.01,61.99
1982,Massachusetts,"2,050,254","749,679","1,219,109",N/A,"81,466","469,430",D,"469,430",D,36.57,59.46,0,3.97,38.08,61.92
1982,Michigan,"3,040,008","1,369,582","1,561,291",N/A,"109,135","191,709",D,"191,709",D,45.05,51.36,0,3.59,46.73,53.27
1982,Minnesota,"1,789,539","715,796","1,049,104",N/A,"24,639","333,308",D,"333,308",D,40,58.62,0,1.38,40.56,59.44
1982,Nebraska,"547,902","270,203","277,436",N/A,263,"7,233",D,"7,233",D,49.32,50.64,0,0.05,49.34,50.66
1982,Nevada,"239,751","100,104","128,132",N/A,"11,515","28,028",D,"28,028",D,41.75,53.44,0,4.8,43.86,56.14
1982,New Hampshire,"282,588","145,389","132,317",N/A,"4,882","13,072",R,"13,072",R,51.45,46.82,0,1.73,52.35,47.65
1982,New Mexico,"407,466","191,626","215,840",N/A,N/A,"24,214",D,"24,214",D,47.03,52.97,0,0,47.03,52.97
1982,New York,"5,254,891","2,494,827","2,675,213",N/A,"84,851","180,386",D,"180,386",D,47.48,50.91,0,1.61,48.26,51.74
1982,Ohio,"3,356,791","1,303,962","1,981,952",N/A,"70,877","677,990",D,"677,990",D,38.85,59.04,0,2.11,39.68,60.32
1982,Oklahoma,"883,130","332,207","548,159",N/A,"2,764","215,952",D,"215,952",D,37.62,62.07,0,0.31,37.74,62.26
1982,Oregon,"1,042,009","639,841","374,316",N/A,"27,852","265,525",R,"265,525",R,61.4,35.92,0,2.67,63.09,36.91
1982,Pennsylvania,"3,683,985","1,872,784","1,772,353",N/A,"38,848","100,431",R,"100,431",R,50.84,48.11,0,1.05,51.38,48.62
1982,Rhode Island,"337,259","79,602","247,208",N/A,"10,449","167,606",D,"167,606",D,23.6,73.3,0,3.1,24.36,75.64
1982,South Carolina,"671,625","202,806","468,819",N/A,N/A,"266,013",D,"266,013",D,30.2,69.8,0,0,30.2,69.8
1982,South Dakota,"278,565","197,429","81,136",N/A,N/A,"116,293",R,"116,293",R,70.87,29.13,0,0,70.87,29.13
1982,Tennessee,"1,238,927","737,963","500,937",N/A,27,"237,026",R,"237,026",R,59.56,40.43,0,0,59.57,40.43
1982,Texas,"3,191,091","1,465,937","1,697,870",N/A,"27,284","231,933",D,"231,933",D,45.94,53.21,0,0.86,46.33,53.67
1982,Vermont,"169,251","93,111","74,394",N/A,"1,746","18,717",R,"18,717",R,55.01,43.95,0,1.03,55.59,44.41
1982,Wisconsin,"1,580,344","662,838","896,812",N/A,"20,694","233,974",D,"233,974",D,41.94,56.75,0,1.31,42.5,57.5
1982,Wyoming,"168,555","62,128","106,427",N/A,N/A,"44,299",D,"44,299",D,36.86,63.14,0,0,36.86,63.14
1983,Kentucky,"1,030,628","454,650","561,674",N/A,"14,304","107,024",D,"107,024",D,44.11,54.5,0,1.39,44.73,55.27
1983,Louisiana,"1,615,905","588,508","1,006,561",N/A,"20,836","418,053",D,"418,053",D,36.42,62.29,0,1.29,36.9,63.1
1983,Mississippi,"742,737","288,764","409,209",N/A,"44,764","120,445",D,"120,445",D,38.88,55.09,0,6.03,41.37,58.63
1984,Arkansas,"886,548","331,987","554,561",N/A,N/A,"222,574",D,"222,574",D,37.45,62.55,0,0,37.45,62.55
1984,Delaware,"243,565","135,250","108,315",N/A,N/A,"26,935",R,"26,935",R,55.53,44.47,0,0,55.53,44.47
1984,Indiana,"2,197,988","1,146,497","1,036,922",N/A,"14,569","109,575",R,"109,575",R,52.16,47.18,0,0.66,52.51,47.49
1984,Missouri,"2,108,210","1,194,506","913,700",N/A,4,"280,806",R,"280,806",R,56.66,43.34,0,0,56.66,43.34
1984,Montana,"378,970","100,070","266,578",N/A,"12,322","166,508",D,"166,508",D,26.41,70.34,0,3.25,27.29,72.71
1984,New Hampshire,"383,910","256,574","127,156",N/A,180,"129,418",R,"129,418",R,66.83,33.12,0,0.05,66.86,33.14
1984,North Carolina,"2,226,727","1,208,167","1,011,209",N/A,"7,351","196,958",R,"196,958",R,54.26,45.41,0,0.33,54.44,45.56
1984,Rhode Island,"408,375","245,059","163,311",N/A,5,"81,748",R,"81,748",R,60.01,39.99,0,0,60.01,39.99
1984,Utah,"629,619","351,792","275,669",N/A,"2,158","76,123",R,"76,123",R,55.87,43.78,0,0.34,56.07,43.93
1984,Vermont,"233,753","113,264","116,938",N/A,"3,551","3,674",D,"3,674",D,48.45,50.03,0,1.52,49.2,50.8
1984,Washington,"1,888,987","881,994","1,006,993",N/A,N/A,"124,999",D,"124,999",D,46.69,53.31,0,0,46.69,53.31
1984,West Virginia,"741,502","394,937","346,565",N/A,N/A,"48,372",R,"48,372",R,53.26,46.74,0,0,53.26,46.74
1985,New Jersey,"1,972,624","1,372,631","578,402",N/A,"21,591","794,229",R,"794,229",R,69.58,29.32,0,1.09,70.35,29.65
1985,Virginia,"1,343,240","601,649","741,438",N/A,153,"139,789",D,"139,789",D,44.79,55.2,0,0.01,44.8,55.2
1986,Alabama,"1,236,230","696,203","537,163",N/A,"2,864","159,040",R,"159,040",R,56.32,43.45,0,0.23,56.45,43.55
1986,Alaska,"179,555","76,515","84,943",N/A,"18,097","8,428",D,"8,428",D,42.61,47.31,0,10.08,47.39,52.61
1986,Arizona,"866,984","343,913","298,986","224,085",N/A,"44,927",R,"44,927",R,39.67,34.49,25.85,0,53.49,46.51
1986,Arkansas,"688,551","248,427","439,882",N/A,242,"191,455",D,"191,455",D,36.08,63.89,0,0.04,36.09,63.91
1986,California,"7,443,551","4,506,601","2,781,714",N/A,"155,236","1,724,887",R,"1,724,887",R,60.54,37.37,0,2.09,61.83,38.17
1986,Colorado,"1,058,928","434,420","616,325",N/A,"8,183","181,905",D,"181,905",D,41.02,58.2,0,0.77,41.34,58.66
1986,Connecticut,"993,692","408,489","575,638",N/A,"9,565","167,149",D,"167,149",D,41.11,57.93,0,0.96,41.51,58.49
1986,Florida,"3,386,171","1,847,525","1,538,620",N/A,26,"308,905",R,"308,905",R,54.56,45.44,0,0,54.56,45.44
1986,Georgia,"1,175,114","346,512","828,465",N/A,137,"481,953",D,"481,953",D,29.49,70.5,0,0.01,29.49,70.51
1986,Hawaii,"334,115","160,460","173,655",N/A,N/A,"13,195",D,"13,195",D,48.03,51.97,0,0,48.03,51.97
1986,Idaho,"387,426","189,794","193,429",N/A,"4,203","3,635",D,"3,635",D,48.99,49.93,0,1.08,49.53,50.47
1986,Illinois,"3,143,978","1,655,849","208,830","1,256,626","22,673","399,223",R,"1,447,019",R,52.67,6.64,39.97,0.72,88.8,11.2
1986,Iowa,"910,623","472,712","436,987",N/A,924,"35,725",R,"35,725",R,51.91,47.99,0,0.1,51.96,48.04
1986,Kansas,"840,605","436,267","404,338",N/A,N/A,"31,929",R,"31,929",R,51.9,48.1,0,0,51.9,48.1
1986,Maine,"426,861","170,312","128,744",N/A,"127,805","41,568",R,"41,568",R,39.9,30.16,0,29.94,56.95,43.05
1986,Maryland,"1,101,476","194,185","907,291",N/A,N/A,"713,106",D,"713,106",D,17.63,82.37,0,0,17.63,82.37
1986,Massachusetts,"1,684,079","525,364","1,157,786",N/A,929,"632,422",D,"632,422",D,31.2,68.75,0,0.06,31.21,68.79
1986,Michigan,"2,396,564","753,647","1,632,138",N/A,"10,779","878,491",D,"878,491",D,31.45,68.1,0,0.45,31.59,68.41
1986,Minnesota,"1,415,989","606,755","790,138",N/A,"19,096","183,383",D,"183,383",D,42.85,55.8,0,1.35,43.44,56.56
1986,Nebraska,"564,422","298,325","265,156",N/A,941,"33,169",R,"33,169",R,52.85,46.98,0,0.17,52.94,47.06
1986,Nevada,"260,375","65,081","187,268",N/A,"8,026","122,187",D,"122,187",D,25,71.92,0,3.08,25.79,74.21
1986,New Hampshire,"251,107","134,824","116,142",N/A,141,"18,682",R,"18,682",R,53.69,46.25,0,0.06,53.72,46.28
1986,New Mexico,"394,833","209,455","185,378",N/A,N/A,"24,077",R,"24,077",R,53.05,46.95,0,0,53.05,46.95
1986,New York,"4,294,124","1,363,810","2,775,229",N/A,"155,085","1,411,419",D,"1,411,419",D,31.76,64.63,0,3.61,32.95,67.05
1986,Ohio,"3,066,611","1,207,264","1,858,372",N/A,975,"651,108",D,"651,108",D,39.37,60.6,0,0.03,39.38,60.62
1986,Oklahoma,"909,925","431,762","405,295",N/A,"72,868","26,467",R,"26,467",R,47.45,44.54,0,8.01,51.58,48.42
1986,Oregon,"1,059,630","506,986","549,456",N/A,"3,188","42,470",D,"42,470",D,47.85,51.85,0,0.3,47.99,52.01
1986,Pennsylvania,"3,388,275","1,638,268","1,717,484",N/A,"32,523","79,216",D,"79,216",D,48.35,50.69,0,0.96,48.82,51.18
1986,Rhode Island,"322,724","208,822","104,508",N/A,"9,394","104,314",R,"104,314",R,64.71,32.38,0,2.91,66.65,33.35
1986,South Carolina,"753,751","384,565","361,325",N/A,"7,861","23,240",R,"23,240",R,51.02,47.94,0,1.04,51.56,48.44
1986,South Dakota,"294,441","152,543","141,898",N/A,N/A,"10,645",R,"10,645",R,51.81,48.19,0,0,51.81,48.19
1986,Tennessee,"1,210,339","553,449","656,602",N/A,288,"103,153",D,"103,153",D,45.73,54.25,0,0.02,45.74,54.26
1986,Texas,"3,441,460","1,813,779","1,584,515",N/A,"43,166","229,264",R,"229,264",R,52.7,46.04,0,1.25,53.37,46.63
1986,Vermont,"196,716","75,162","92,379",N/A,"29,175","17,217",D,"17,217",D,38.21,46.96,0,14.83,44.86,55.14
1986,Wisconsin,"1,526,960","805,090","705,578",N/A,"16,292","99,512",R,"99,512",R,52.73,46.21,0,1.07,53.29,46.71
1986,Wyoming,"164,720","75,841","88,879",N/A,N/A,"13,038",D,"13,038",D,46.04,53.96,0,0,46.04,53.96
1987,Kentucky,"777,815","273,141","504,674",N/A,N/A,"231,533",D,"231,533",D,35.12,64.88,0,0,35.12,64.88
1987,Louisiana,"1,558,730","287,780","516,078","437,801","317,071","78,277",D,"228,298",D,18.46,33.11,28.09,20.34,35.8,64.2
1987,Mississippi,"721,695","336,006","385,689",N/A,N/A,"49,683",D,"49,683",D,46.56,53.44,0,0,46.56,53.44
1988,Delaware,"239,969","169,733","70,236",N/A,N/A,"99,497",R,"99,497",R,70.73,29.27,0,0,70.73,29.27
1988,Indiana,"2,140,781","1,002,207","1,138,574",N/A,N/A,"136,367",D,"136,367",D,46.82,53.18,0,0,46.82,53.18
1988,Missouri,"2,085,928","1,339,531","724,919",N/A,"21,478","614,612",R,"614,612",R,64.22,34.75,0,1.03,64.89,35.11
1988,Montana,"367,021","190,604","169,313",N/A,"7,104","21,291",R,"21,291",R,51.93,46.13,0,1.94,52.96,47.04
1988,New Hampshire,"441,923","267,064","172,543",N/A,"2,316","94,521",R,"94,521",R,60.43,39.04,0,0.52,60.75,39.25
1988,North Carolina,"2,180,205","1,222,338","957,867",N/A,N/A,"264,471",R,"264,471",R,56.07,43.93,0,0,56.07,43.93
1988,North Dakota,"299,080","119,986","179,094",N/A,N/A,"59,108",D,"59,108",D,40.12,59.88,0,0,40.12,59.88
1988,Rhode Island,"400,516","203,550","196,936",N/A,30,"6,614",R,"6,614",R,50.82,49.17,0,0.01,50.83,49.17
1988,Utah,"649,114","260,462","249,321",N/A,"139,331","11,141",R,"11,141",R,40.13,38.41,0,21.46,51.09,48.91
1988,Vermont,"242,879","105,191","134,438",N/A,"3,250","29,247",D,"29,247",D,43.31,55.35,0,1.34,43.9,56.1
1988,Washington,"1,874,929","708,481","1,166,448",N/A,N/A,"457,967",D,"457,967",D,37.79,62.21,0,0,37.79,62.21
1988,West Virginia,"649,593","267,172","382,421",N/A,N/A,"115,249",D,"115,249",D,41.13,58.87,0,0,41.13,58.87
1989,New Jersey,"2,253,800","838,553","1,379,973",N/A,"35,274","541,420",D,"541,420",D,37.21,61.23,0,1.57,37.8,62.2
1989,Virginia,"1,789,078","890,195","896,936",N/A,"1,947","6,741",D,"6,741",D,49.76,50.13,0,0.11,49.81,50.19
1990,Alabama,"1,216,250","633,519","582,106",N/A,625,"51,413",R,"51,413",R,52.09,47.86,0,0.05,52.11,47.89
1990,Alaska,"194,750","50,991","60,201","75,721","7,837","15,520",T,"9,210",D,26.18,30.91,38.88,4.02,45.86,54.14
1990,Arizona,"1,055,406","523,984","519,691",N/A,"11,731","4,293",R,"4,293",R,49.65,49.24,0,1.11,50.21,49.79
1990,Arkansas,"696,412","295,925","400,386",N/A,101,"104,461",D,"104,461",D,42.49,57.49,0,0.01,42.5,57.5
1990,California,"7,699,467","3,791,904","3,525,197",N/A,"382,366","266,707",R,"266,707",R,49.25,45.78,0,4.97,51.82,48.18
1990,Connecticut,"1,142,101","427,840","237,641","460,576","16,044","32,736",T,"190,199",R,37.46,20.81,40.33,1.4,64.29,35.71
1990,Florida,"3,530,871","1,535,068","1,995,206",597,N/A,"460,138",D,"460,138",D,43.48,56.51,0.02,0,43.48,56.52
1990,Georgia,"1,449,682","645,625","766,662",N/A,"37,395","121,037",D,"121,037",D,44.54,52.88,0,2.58,45.71,54.29
1990,Hawaii,"340,132","131,310","203,491",N/A,"5,331","72,181",D,"72,181",D,38.61,59.83,0,1.57,39.22,60.78
1990,Idaho,"320,610","101,937","218,673",N/A,N/A,"116,736",D,"116,736",D,31.79,68.21,0,0,31.79,68.21
1990,Illinois,"3,257,410","1,653,126","1,569,217",N/A,"35,067","83,909",R,"83,909",R,50.75,48.17,0,1.08,51.3,48.7
1990,Iowa,"976,483","591,852","379,372",N/A,"5,259","212,480",R,"212,480",R,60.61,38.85,0,0.54,60.94,39.06
1990,Kansas,"783,325","333,589","380,609",N/A,"69,127","47,020",D,"47,020",D,42.59,48.59,0,8.82,46.71,53.29
1990,Maine,"522,492","243,766","230,038",N/A,"48,688","13,728",R,"13,728",R,46.65,44.03,0,9.32,51.45,48.55
1990,Maryland,"1,111,088","446,980","664,015",N/A,93,"217,035",D,"217,035",D,40.23,59.76,0,0.01,40.23,59.77
1990,Massachusetts,"2,342,927","1,175,817","1,099,878",N/A,"67,232","75,939",R,"75,939",R,50.19,46.94,0,2.87,51.67,48.33
1990,Michigan,"2,564,563","1,276,134","1,258,539",N/A,"29,890","17,595",R,"17,595",R,49.76,49.07,0,1.17,50.35,49.65
1990,Minnesota,"1,806,777","895,988","836,218",N/A,"74,571","59,770",R,"59,770",R,49.59,46.28,0,4.13,51.73,48.27
1990,Nebraska,"586,542","288,741","292,771",N/A,"5,030","4,030",D,"4,030",D,49.23,49.91,0,0.86,49.65,50.35
1990,Nevada,"320,743","95,789","207,878",N/A,"17,076","112,089",D,"112,089",D,29.86,64.81,0,5.32,31.54,68.46
1990,New Hampshire,"295,018","177,773","101,923",N/A,"15,322","75,850",R,"75,850",R,60.26,34.55,0,5.19,63.56,36.44
1990,New Mexico,"411,232","185,692","224,564",N/A,976,"38,872",D,"38,872",D,45.16,54.61,0,0.24,45.26,54.74
1990,New York,"4,056,896","865,948","2,157,087","827,614","206,247","1,291,139",D,"1,291,139",D,21.35,53.17,20.4,5.08,28.64,71.36
1990,Ohio,"3,482,650","1,938,103","1,544,416",N/A,131,"393,687",R,"393,687",R,55.65,44.35,0,0,55.65,44.35
1990,Oklahoma,"911,314","297,584","523,196",N/A,"90,534","225,612",D,"225,612",D,32.65,57.41,0,9.93,36.26,63.74
1990,Oregon,"1,112,847","444,646","508,749",N/A,"159,452","64,103",D,"64,103",D,39.96,45.72,0,14.33,46.64,53.36
1990,Pennsylvania,"3,052,760","987,516","2,065,244",N/A,N/A,"1,077,728",D,"1,077,728",D,32.35,67.65,0,0,32.35,67.65
1990,Rhode Island,"356,672","92,177","264,411",N/A,84,"172,234",D,"172,234",D,25.84,74.13,0,0.02,25.85,74.15
1990,South Carolina,"760,965","528,831","212,034",N/A,"20,100","316,797",R,"316,797",R,69.49,27.86,0,2.64,71.38,28.62
1990,South Dakota,"256,723","151,198","105,525",N/A,N/A,"45,673",R,"45,673",R,58.9,41.1,0,0,58.9,41.1
1990,Tennessee,"790,441","289,348","480,885",N/A,"20,208","191,537",D,"191,537",D,36.61,60.84,0,2.56,37.57,62.43
1990,Texas,"3,892,487","1,826,231","1,925,670",N/A,"140,586","99,439",D,"99,439",D,46.92,49.47,0,3.61,48.67,51.33
1990,Vermont,"211,422","109,540","97,321",N/A,"4,561","12,219",R,"12,219",R,51.81,46.03,0,2.16,52.95,47.05
1990,Wisconsin,"1,379,727","802,321","576,280",N/A,"1,126","226,041",R,"226,041",R,58.15,41.77,0,0.08,58.2,41.8
1990,Wyoming,"160,109","55,471","104,638",N/A,N/A,"49,167",D,"49,167",D,34.65,65.35,0,0,34.65,65.35
1991,Arizona,"940,737","492,569","448,168",N/A,N/A,"44,401",R,"44,401",R,52.36,47.64,0,0,52.36,47.64
1991,Kentucky,"834,920","294,452","540,468",N/A,N/A,"246,016",D,"246,016",D,35.27,64.73,0,0,35.27,64.73
1991,Louisiana,"1,728,040","671,009","1,057,031",N/A,N/A,"386,022",D,"386,022",D,38.83,61.17,0,0,38.83,61.17
1991,Mississippi,"711,188","361,500","338,435",N/A,"11,253","23,065",R,"23,065",R,50.83,47.59,0,1.58,51.65,48.35
1992,Delaware,"277,058","90,725","179,365",N/A,"6,968","88,640",D,"88,640",D,32.75,64.74,0,2.51,33.59,66.41
1992,Indiana,"2,229,116","822,533","1,382,151",N/A,"24,432","559,618",D,"559,618",D,36.9,62,0,1.1,37.31,62.69
1992,Missouri,"2,343,999","968,574","1,375,425",N/A,N/A,"406,851",D,"406,851",D,41.32,58.68,0,0,41.32,58.68
1992,Montana,"407,842","209,401","198,421",N/A,20,"10,980",R,"10,980",R,51.34,48.65,0,0,51.35,48.65
1992,New Hampshire,"516,170","289,170","206,232",N/A,"20,768","82,938",R,"82,938",R,56.02,39.95,0,4.02,58.37,41.63
1992,North Carolina,"2,595,184","1,121,955","1,368,246",N/A,"104,983","246,291",D,"246,291",D,43.23,52.72,0,4.05,45.05,54.95
1992,North Dakota,"304,861","176,398","123,845",N/A,"4,618","52,553",R,"52,553",R,57.86,40.62,0,1.51,58.75,41.25
1992,Rhode Island,"424,818","145,590","261,484",N/A,"17,744","115,894",D,"115,894",D,34.27,61.55,0,4.18,35.76,64.24
1992,Utah,"762,549","321,713","177,181","255,753","7,902","65,960",R,"144,532",R,42.19,23.24,33.54,1.04,64.49,35.51
1992,Vermont,"285,728","65,837","213,523",N/A,"6,368","147,686",D,"147,686",D,23.04,74.73,0,2.23,23.57,76.43
1992,Washington,"2,270,826","1,086,216","1,184,315",N/A,295,"98,099",D,"98,099",D,47.83,52.15,0,0.01,47.84,52.16
1992,West Virginia,"657,193","240,390","368,302",N/A,"48,501","127,912",D,"127,912",D,36.58,56.04,0,7.38,39.49,60.51
1993,New Jersey,"2,505,964","1,236,124","1,210,031",N/A,"59,809","26,093",R,"26,093",R,49.33,48.29,0,2.39,50.53,49.47
1993,Virginia,"1,793,916","1,045,319","733,527",N/A,"15,070","311,792",R,"311,792",R,58.27,40.89,0,0.84,58.76,41.24
1994,Alabama,"1,201,969","604,926","594,169",N/A,"2,874","10,757",R,"10,757",R,50.33,49.43,0,0.24,50.45,49.55
1994,Alaska,"213,435","87,157","87,693","27,838","10,747",536,D,536,D,40.84,41.09,13.04,5.04,49.85,50.15
1994,Arizona,"1,129,607","593,492","500,702",N/A,"35,413","92,790",R,"92,790",R,52.54,44.33,0,3.13,54.24,45.76
1994,Arkansas,"716,840","287,904","428,936",N/A,N/A,"141,032",D,"141,032",D,40.16,59.84,0,0,40.16,59.84
1994,California,"8,665,375","4,781,766","3,519,799",N/A,"363,810","1,261,967",R,"1,261,967",R,55.18,40.62,0,4.2,57.6,42.4
1994,Colorado,"1,116,307","432,042","619,205",N/A,"65,060","187,163",D,"187,163",D,38.7,55.47,0,5.83,41.1,58.9
1994,Connecticut,"1,147,084","415,201","375,133","216,585","140,165","40,068",R,"40,068",R,36.2,32.7,18.88,12.22,52.53,47.47
1994,Florida,"4,206,659","2,071,068","2,135,008",N/A,583,"63,940",D,"63,940",D,49.23,50.75,0,0.01,49.24,50.76
1994,Georgia,"1,545,328","756,371","788,926",N/A,31,"32,555",D,"32,555",D,48.95,51.05,0,0,48.95,51.05
1994,Hawaii,"369,013","107,908","134,978","113,158","12,969","21,820",D,"27,070",D,29.24,36.58,30.67,3.51,44.43,55.57
1994,Idaho,"413,346","216,123","181,363",N/A,"15,860","34,760",R,"34,760",R,52.29,43.88,0,3.84,54.37,45.63
1994,Illinois,"3,106,566","1,984,318","1,069,850",N/A,"52,398","914,468",R,"914,468",R,63.87,34.44,0,1.69,64.97,35.03
1994,Iowa,"997,248","566,395","414,453",N/A,"16,400","151,942",R,"151,942",R,56.8,41.56,0,1.64,57.75,42.25
1994,Kansas,"821,030","526,113","294,733",N/A,184,"231,380",R,"231,380",R,64.08,35.9,0,0.02,64.09,35.91
1994,Maine,"511,308","117,990","172,951","180,829","39,538","7,878",T,"54,961",D,23.08,33.83,35.37,7.73,40.55,59.45
1994,Maryland,"1,410,300","702,101","708,094",N/A,105,"5,993",D,"5,993",D,49.78,50.21,0,0.01,49.79,50.21
1994,Massachusetts,"2,266,307","1,610,298","636,138",N/A,"19,871","974,160",R,"974,160",R,71.05,28.07,0,0.88,71.68,28.32
1994,Michigan,"3,089,077","1,899,101","1,188,438",N/A,"1,538","710,663",R,"710,663",R,61.48,38.47,0,0.05,61.51,38.49
1994,Minnesota,"1,765,590","1,094,165","589,344",N/A,"82,081","504,821",R,"504,821",R,61.97,33.38,0,4.65,64.99,35.01
1994,Nebraska,"579,561","148,230","423,270",N/A,"8,061","275,040",D,"275,040",D,25.58,73.03,0,1.39,25.94,74.06
1994,Nevada,"379,676","156,875","200,026",N/A,"22,775","43,151",D,"43,151",D,41.32,52.68,0,6,43.95,56.05
1994,New Hampshire,"311,882","218,134","79,686",N/A,"14,062","138,448",R,"138,448",R,69.94,25.55,0,4.51,73.24,26.76
1994,New Mexico,"467,621","232,945","186,686",N/A,"47,990","46,259",R,"46,259",R,49.81,39.92,0,10.26,55.51,44.49
1994,Ohio,"3,346,238","2,401,572","835,849",N/A,"108,817","1,565,723",R,"1,565,723",R,71.77,24.98,0,3.25,74.18,25.82
1994,Oklahoma,"995,012","466,740","294,936","233,336",N/A,"171,804",R,"171,804",R,46.91,29.64,23.45,0,61.28,38.72
1994,Oregon,"1,221,010","517,874","622,083",N/A,"81,053","104,209",D,"104,209",D,42.41,50.95,0,6.64,45.43,54.57
1994,Pennsylvania,"3,588,526","1,627,976","1,433,099",N/A,"527,451","194,877",R,"194,877",R,45.37,39.94,0,14.7,53.18,46.82
1994,Rhode Island,"361,377","171,194","157,361",N/A,"32,822","13,833",R,"13,833",R,47.37,43.54,0,9.08,52.11,47.89
1994,South Carolina,"933,850","470,756","447,002",N/A,"16,092","23,754",R,"23,754",R,50.41,47.87,0,1.72,51.29,48.71
1994,South Dakota,"311,613","172,515","126,273",N/A,"12,825","46,242",R,"46,242",R,55.36,40.52,0,4.12,57.74,42.26
1994,Tennessee,"1,487,124","807,107","664,243",N/A,"15,774","142,864",R,"142,864",R,54.27,44.67,0,1.06,54.85,45.15
1994,Texas,"4,396,242","2,350,994","2,016,928",N/A,"28,320","334,066",R,"334,066",R,53.48,45.88,0,0.64,53.82,46.18
1994,Vermont,"212,046","40,292","145,661",N/A,"26,093","105,369",D,"105,369",D,19,68.69,0,12.31,21.67,78.33
1994,Wisconsin,"1,563,835","1,051,326","482,850",N/A,"29,659","568,476",R,"568,476",R,67.23,30.88,0,1.9,68.53,31.47
1994,Wyoming,"200,990","118,016","80,747",N/A,"2,227","37,269",R,"37,269",R,58.72,40.17,0,1.11,59.38,40.62
1995,Kentucky,"983,979","479,227","500,787",N/A,"3,965","21,560",D,"21,560",D,48.7,50.89,0,0.4,48.9,51.1
1995,Louisiana,"1,550,360","984,499","565,861",N/A,N/A,"418,638",R,"418,638",R,63.5,36.5,0,0,63.5,36.5
1995,Mississippi,"819,471","455,261","364,210",N/A,N/A,"91,051",R,"91,051",R,55.56,44.44,0,0,55.56,44.44
1996,Delaware,"271,122","82,654","188,300",N/A,168,"105,646",D,"105,646",D,30.49,69.45,0,0.06,30.5,69.5
1996,Indiana,"2,110,047","986,982","1,087,128",N/A,"35,937","100,146",D,"100,146",D,46.78,51.52,0,1.7,47.59,52.41
1996,Missouri,"2,142,518","866,268","1,224,801",N/A,"51,449","358,533",D,"358,533",D,40.43,57.17,0,2.4,41.43,58.57
1996,Montana,"405,175","320,768","84,407",N/A,N/A,"236,361",R,"236,361",R,79.17,20.83,0,0,79.17,20.83
1996,New Hampshire,"497,040","196,321","284,175",N/A,"16,544","87,854",D,"87,854",D,39.5,57.17,0,3.33,40.86,59.14
1996,North Carolina,"2,566,185","1,097,053","1,436,638",N/A,"32,494","339,585",D,"339,585",D,42.75,55.98,0,1.27,43.3,56.7
1996,North Dakota,"264,298","174,937","89,349",N/A,12,"85,588",R,"85,588",R,66.19,33.81,0,0,66.19,33.81
1996,Vermont,"254,648","57,161","179,544",N/A,"17,943","122,383",D,"122,383",D,22.45,70.51,0,7.05,24.15,75.85
1996,Washington,"2,237,030","940,538","1,296,492",N/A,N/A,"355,954",D,"355,954",D,42.04,57.96,0,0,42.04,57.96
1996,West Virginia,"628,559","324,518","287,870","16,171",N/A,"36,648",R,"36,648",R,51.63,45.8,2.57,0,52.99,47.01
1997,New Jersey,"2,418,344","1,133,394","1,107,968",N/A,"176,982","25,426",R,"25,426",R,46.87,45.82,0,7.32,50.57,49.43
1997,Virginia,"1,736,314","969,062","738,971",N/A,"28,281","230,091",R,"230,091",R,55.81,42.56,0,1.63,56.74,43.26
1998,Alabama,"1,317,842","554,746","760,155",N/A,"2,941","205,409",D,"205,409",D,42.1,57.68,0,0.22,42.19,57.81
1998,Alaska,"186,631","34,922","93,969",N/A,"57,740","36,229",D,"59,047",D,18.71,50.35,0,30.94,27.09,72.91
1998,Arizona,"1,017,616","620,188","361,552",N/A,"35,876","258,636",R,"258,636",R,60.95,35.53,0,3.53,63.17,36.83
1998,Arkansas,"706,011","421,989","272,923",N/A,"11,099","149,066",R,"149,066",R,59.77,38.66,0,1.57,60.73,39.27
1998,California,"8,385,196","3,218,030","4,860,702",N/A,"306,464","1,642,672",D,"1,642,672",D,38.38,57.97,0,3.65,39.83,60.17
1998,Colorado,"1,321,307","648,202","639,905",N/A,"33,200","8,297",R,"8,297",R,49.06,48.43,0,2.51,50.32,49.68
1998,Connecticut,"999,537","628,707","354,187",N/A,"16,643","274,520",R,"274,520",R,62.9,35.44,0,1.67,63.96,36.04
1998,Florida,"3,964,441","2,191,105","1,773,054",N/A,282,"418,051",R,"418,051",R,55.27,44.72,0,0.01,55.27,44.73
1998,Georgia,"1,792,808","790,201","941,076",N/A,"61,531","150,875",D,"150,875",D,44.08,52.49,0,3.43,45.64,54.36
1998,Hawaii,"407,556","198,952","204,206",N/A,"4,398","5,254",D,"5,254",D,48.82,50.11,0,1.08,49.35,50.65
1998,Idaho,"381,248","258,095","110,815",N/A,"12,338","147,280",R,"147,280",R,67.7,29.07,0,3.24,69.96,30.04
1998,Illinois,"3,358,705","1,714,094","1,594,191",N/A,"50,420","119,903",R,"119,903",R,51.03,47.46,0,1.5,51.81,48.19
1998,Iowa,"956,418","444,787","500,231",N/A,"11,400","55,444",D,"55,444",D,46.51,52.3,0,1.19,47.07,52.93
1998,Kansas,"742,665","544,882","168,243",N/A,"29,540","376,639",R,"376,639",R,73.37,22.65,0,3.98,76.41,23.59
1998,Maine,"421,009","79,716","50,506","246,772","44,015","167,056",T,"29,210",R,18.93,12,58.61,10.45,61.22,38.78
1998,Maryland,"1,535,978","688,357","846,972",N/A,649,"158,615",D,"158,615",D,44.82,55.14,0,0.04,44.83,55.17
1998,Massachusetts,"1,903,336","967,160","901,843",N/A,"34,333","65,317",R,"65,317",R,50.81,47.38,0,1.8,51.75,48.25
1998,Michigan,"3,027,104","1,883,005","1,143,574",N/A,525,"739,431",R,"739,431",R,62.2,37.78,0,0.02,62.22,37.78
1998,Minnesota,"2,090,518","716,880",N/A,"773,403","600,235","56,523",T,"716,880",R,34.29,0,37,28.71,100,0
1998,Nebraska,"545,238","293,910","250,678",N/A,650,"43,232",R,"43,232",R,53.9,45.98,0,0.12,53.97,46.03
1998,Nevada,"433,630","223,892","182,281",N/A,"27,457","41,611",R,"41,611",R,51.63,42.04,0,6.33,55.12,44.88
1998,New Hampshire,"318,940","98,473","210,769",N/A,"9,698","112,296",D,"112,296",D,30.88,66.08,0,3.04,31.84,68.16
1998,New Mexico,"498,703","271,948","226,755",N/A,N/A,"45,193",R,"45,193",R,54.53,45.47,0,0,54.53,45.47
1998,New York,"4,735,236","2,571,991","1,570,317",N/A,"592,928","1,001,674",R,"1,001,674",R,54.32,33.16,0,12.52,62.09,37.91
1998,Ohio,"3,354,213","1,678,721","1,498,956",N/A,"176,536","179,765",R,"179,765",R,50.05,44.69,0,5.26,52.83,47.17
1998,Oklahoma,"873,585","505,498","357,552",N/A,"10,535","147,946",R,"147,946",R,57.86,40.93,0,1.21,58.57,41.43
1998,Oregon,"1,113,098","334,001","717,061",N/A,"62,036","383,060",D,"383,060",D,30.01,64.42,0,5.57,31.78,68.22
1998,Pennsylvania,"3,025,152","1,736,844","938,745","315,761","33,802","798,099",R,"798,099",R,57.41,31.03,10.44,1.12,64.91,35.09
1998,Rhode Island,"306,383","156,180","129,105",N/A,"21,098","27,075",R,"27,075",R,50.98,42.14,0,6.89,54.75,45.25
1998,South Carolina,"1,070,869","484,088","570,070",N/A,"16,711","85,982",D,"85,982",D,45.21,53.23,0,1.56,45.92,54.08
1998,South Dakota,"260,187","166,621","85,473",N/A,"8,093","81,148",R,"81,148",R,64.04,32.85,0,3.11,66.09,33.91
1998,Tennessee,"976,236","669,973","287,750",N/A,"18,513","382,223",R,"382,223",R,68.63,29.48,0,1.9,69.95,30.05
1998,Texas,"3,738,483","2,551,454","1,165,444",N/A,"21,585","1,386,010",R,"1,386,010",R,68.25,31.17,0,0.58,68.64,31.36
1998,Vermont,"218,120","89,726","121,425",N/A,"6,969","31,699",D,"31,699",D,41.14,55.67,0,3.2,42.49,57.51
1998,Wisconsin,"1,756,014","1,047,716","679,553",N/A,"28,745","368,163",R,"368,163",R,59.66,38.7,0,1.64,60.66,39.34
1998,Wyoming,"174,888","97,235","70,754",N/A,"6,899","26,481",R,"26,481",R,55.6,40.46,0,3.94,57.88,42.12
1999,Kentucky,"580,074","128,788","352,099","88,930","10,257","223,311",D,"223,311",D,22.2,60.7,15.33,1.77,26.78,73.22
1999,Louisiana,"1,295,205","805,203","382,445",N/A,"107,557","422,758",R,"422,758",R,62.17,29.53,0,8.3,67.8,32.2
1999,Mississippi,"763,938","370,691","379,034",N/A,"14,213","8,343",D,"8,343",D,48.52,49.62,0,1.86,49.44,50.56
2000,Delaware,"323,688","128,603","191,695",N/A,"3,390","63,092",D,"63,092",D,39.73,59.22,0,1.05,40.15,59.85
2000,Indiana,"2,179,413","908,285","1,232,525",N/A,"38,603","324,240",D,"324,240",D,41.68,56.55,0,1.77,42.43,57.57
2000,Missouri,"2,346,830","1,131,307","1,152,752",N/A,"62,771","21,445",D,"21,445",D,48.21,49.12,0,2.67,49.53,50.47
2000,Montana,"410,192","209,135","193,131",N/A,"7,926","16,004",R,"16,004",R,50.98,47.08,0,1.93,51.99,48.01
2000,New Hampshire,"564,953","246,952","275,038",N/A,"42,963","28,086",D,"28,086",D,43.71,48.68,0,7.6,47.31,52.69
2000,North Carolina,"2,942,062","1,360,960","1,530,324",N/A,"50,778","169,364",D,"169,364",D,46.26,52.02,0,1.73,47.07,52.93
2000,North Dakota,"289,412","159,255","130,144",N/A,13,"29,111",R,"29,111",R,55.03,44.97,0,0,55.03,44.97
2000,Utah,"761,806","424,837","321,979",N/A,"14,990","102,858",R,"102,858",R,55.77,42.27,0,1.97,56.89,43.11
2000,Vermont,"293,473","111,359","148,059",N/A,"34,055","36,700",D,"36,700",D,37.95,50.45,0,11.6,42.93,57.07
2000,Washington,"2,469,852","980,060","1,441,973","47,819",N/A,"461,913",D,"461,913",D,39.68,58.38,1.94,0,40.46,59.54
2000,West Virginia,"648,047","305,926","324,822",N/A,"17,299","18,896",D,"18,896",D,47.21,50.12,0,2.67,48.5,51.5
2001,New Jersey,"2,227,165","928,174","1,256,853",N/A,"42,138","328,679",D,"328,679",D,41.68,56.43,0,1.89,42.48,57.52
2001,Virginia,"1,886,721","887,234","984,177",N/A,"15,310","96,943",D,"96,943",D,47.03,52.16,0,0.81,47.41,52.59
2002,Alabama,"1,367,053","672,225","669,105",N/A,"25,723","3,120",R,"3,120",R,49.17,48.95,0,1.88,50.12,49.88
2002,Alaska,"231,484","129,279","94,216",N/A,"7,989","35,063",R,"35,063",R,55.85,40.7,0,3.45,57.84,42.16
2002,Arizona,"1,226,111","554,465","566,284",N/A,"105,362","11,819",D,"11,819",D,45.22,46.19,0,8.59,49.47,50.53
2002,Arkansas,"805,696","427,082","378,250",N/A,364,"48,832",R,"48,832",R,53.01,46.95,0,0.05,53.03,46.97
2002,California,"7,476,311","3,169,801","3,533,490",N/A,"773,020","363,689",D,"363,689",D,42.4,47.26,0,10.34,47.29,52.71
2002,Colorado,"1,412,602","884,583","475,373",N/A,"52,646","409,210",R,"409,210",R,62.62,33.65,0,3.73,65.04,34.96
2002,Connecticut,"1,022,998","573,958","448,984",N/A,56,"124,974",R,"124,974",R,56.11,43.89,0,0.01,56.11,43.89
2002,Florida,"5,100,581","2,856,845","2,201,427",N/A,"42,309","655,418",R,"655,418",R,56.01,43.16,0,0.83,56.48,43.52
2002,Hawaii,"382,110","197,009","179,647",N/A,"5,454","17,362",R,"17,362",R,51.56,47.01,0,1.43,52.3,47.7
2002,Idaho,"411,477","231,566","171,711",N/A,"8,200","59,855",R,"59,855",R,56.28,41.73,0,1.99,57.42,42.58
2002,Illinois,"3,538,891","1,594,960","1,847,040",N/A,"96,891","252,080",D,"252,080",D,45.07,52.19,0,2.74,46.34,53.66
2002,Iowa,"1,025,802","456,612","540,449",N/A,"28,741","83,837",D,"83,837",D,44.51,52.69,0,2.8,45.8,54.2
2002,Kansas,"835,692","376,830","441,858",N/A,"17,004","65,028",D,"65,028",D,45.09,52.87,0,2.03,46.03,53.97
2002,Maine,"505,190","209,496","238,179",N/A,"57,515","28,683",D,"28,683",D,41.47,47.15,0,11.38,46.8,53.2
2002,Maryland,"1,706,179","879,592","813,422",N/A,"13,165","66,170",R,"66,170",R,51.55,47.68,0,0.77,51.95,48.05
2002,Massachusetts,"2,194,179","1,091,988","985,981",N/A,"116,210","106,007",R,"106,007",R,49.77,44.94,0,5.3,52.55,47.45
2002,Michigan,"3,177,565","1,506,104","1,633,796",N/A,"37,665","127,692",D,"127,692",D,47.4,51.42,0,1.19,47.97,52.03
2002,Minnesota,"2,252,473","999,473","821,268","364,534","67,198","178,205",R,"178,205",R,44.37,36.46,16.18,2.98,54.89,45.11
2002,Nebraska,"480,991","330,349","132,348",N/A,"18,294","198,001",R,"198,001",R,68.68,27.52,0,3.8,71.4,28.6
2002,Nevada,"504,079","344,001","110,935",N/A,"49,143","233,066",R,"233,066",R,68.24,22.01,0,9.75,75.62,24.38
2002,New Hampshire,"442,976","259,663","169,277",N/A,"14,036","90,386",R,"90,386",R,58.62,38.21,0,3.17,60.54,39.46
2002,New Mexico,"484,233","189,074","268,693",N/A,"26,466","79,619",D,"79,619",D,39.05,55.49,0,5.47,41.3,58.7
2002,New York,"4,579,078","2,262,255","1,534,064","654,016","128,743","728,191",R,"728,191",R,49.4,33.5,14.28,2.81,59.59,40.41
2002,Ohio,"3,228,992","1,865,007","1,236,924",N/A,"127,061","628,083",R,"628,083",R,57.76,38.31,0,3.94,60.12,39.88
2002,Oklahoma,"1,035,620","441,277","448,143","146,200",N/A,"6,866",D,"6,866",D,42.61,43.27,14.12,0,49.61,50.39
2002,Oregon,"1,260,497","581,785","618,004",N/A,"60,708","36,219",D,"36,219",D,46.16,49.03,0,4.82,48.49,51.51
2002,Pennsylvania,"3,583,179","1,589,408","1,913,235",N/A,"80,536","323,827",D,"323,827",D,44.36,53.39,0,2.25,45.38,54.62
2002,Rhode Island,"332,655","181,827","150,229",N/A,599,"31,598",R,"31,598",R,54.66,45.16,0,0.18,54.76,45.24
2002,South Carolina,"1,107,725","585,422","521,140",N/A,"1,163","64,282",R,"64,282",R,52.85,47.05,0,0.1,52.9,47.1
2002,South Dakota,"334,559","189,920","140,263",N/A,"4,376","49,657",R,"49,657",R,56.77,41.92,0,1.31,57.52,42.48
2002,Tennessee,"1,653,167","786,803","837,284",N/A,"29,080","50,481",D,"50,481",D,47.59,50.65,0,1.76,48.45,51.55
2002,Texas,"4,553,987","2,632,591","1,819,798",N/A,"101,598","812,793",R,"812,793",R,57.81,39.96,0,2.23,59.13,40.87
2002,Vermont,"230,161","103,436","97,565",N/A,"29,160","5,871",R,"5,871",R,44.94,42.39,0,12.67,51.46,48.54
2002,Wisconsin,"1,775,349","734,779","800,515","185,455","54,600","65,736",D,"65,736",D,41.39,45.09,10.45,3.08,47.86,52.14
2002,Wyoming,"185,459","88,873","92,662",N/A,"3,924","3,789",D,"3,789",D,47.92,49.96,0,2.12,48.96,51.04
2003,Kentucky,"1,083,443","596,284","487,159",N/A,N/A,"109,125",R,"109,125",R,55.04,44.96,0,0,55.04,44.96
2003,Louisiana,"1,407,842","676,484","731,358",N/A,N/A,"54,874",D,"54,874",D,48.05,51.95,0,0,48.05,51.95
2003,Mississippi,"894,487","470,404","409,787","6,317","7,979","60,617",R,"60,617",R,52.59,45.81,0.71,0.89,53.44,46.56
2004,Delaware,"365,008","167,115","185,687",N/A,"12,206","18,572",D,"18,572",D,45.78,50.87,0,3.34,47.37,52.63
2004,Indiana,"2,448,498","1,302,912","1,113,900","31,664",22,"189,012",R,"189,012",R,53.21,45.49,1.29,0,53.91,46.09
2004,Missouri,"2,719,599","1,382,419","1,301,442","24,378","11,360","80,977",R,"80,977",R,50.83,47.85,0.9,0.42,51.51,48.49
2004,Montana,"446,146","205,313","225,016","8,393","7,424","19,703",D,"19,703",D,46.02,50.44,1.88,1.66,47.71,52.29
2004,New Hampshire,"667,020","325,981","340,299",740,N/A,"14,318",D,"14,318",D,48.87,51.02,0.11,0,48.93,51.07
2004,North Carolina,"3,486,688","1,495,021","1,939,154","52,513",N/A,"444,133",D,"444,133",D,42.88,55.62,1.51,0,43.53,56.47
2004,North Dakota,"309,873","220,803","84,877","4,193",N/A,"135,926",R,"135,926",R,71.26,27.39,1.35,0,72.23,27.77
2004,Utah,"919,960","531,190","380,359","8,399",12,"150,831",R,"150,831",R,57.74,41.35,0.91,0,58.27,41.73
2004,Vermont,"309,285","181,540","117,327","4,221","6,197","64,213",R,"64,213",R,58.7,37.93,1.36,2,60.74,39.26
2004,Washington,"2,810,058","1,373,232","1,373,361","63,465",N/A,129,D,129,D,48.87,48.87,2.26,0,50,50
2004,West Virginia,"744,433","253,131","472,758","18,430",114,"219,627",D,"219,627",D,34,63.51,2.48,0.02,34.87,65.13
2005,New Jersey,"2,290,099","985,271","1,224,551",N/A,"80,277","239,280",D,"239,280",D,43.02,53.47,0,3.51,44.59,55.41
2005,Virginia,"1,983,778","912,327","1,025,942",N/A,"45,509","113,615",D,"113,615",D,45.99,51.72,0,2.29,47.07,52.93
2006,Alabama,"1,250,401","718,327","519,827",N/A,"12,247","198,500",R,"198,500",R,57.45,41.57,0,0.98,58.02,41.98
2006,Alaska,"237,322","114,697","97,238",N/A,"25,387","17,459",R,"17,459",R,48.33,40.97,0,10.7,54.12,45.88
2006,Arizona,"1,533,645","543,528","959,830",N/A,"30,287","416,302",D,"416,302",D,35.44,62.58,0,1.97,36.15,63.85
2006,Arkansas,"774,680","315,040","430,765",N/A,"28,875","115,725",D,"115,725",D,40.67,55.61,0,3.73,42.24,57.76
2006,California,"8,679,416","4,850,157","3,376,732",N/A,"452,527","1,473,425",R,"1,473,425",R,55.88,38.91,0,5.21,58.95,41.05
2006,Colorado,"1,558,387","625,886","888,096",N/A,"44,405","262,210",D,"262,210",D,40.16,56.99,0,2.85,41.34,58.66
2006,Connecticut,"1,123,466","710,048","398,220",54,"15,144","311,828",R,"311,828",R,63.2,35.45,0,1.35,64.07,35.93
2006,Florida,"4,829,270","2,519,845","2,178,289",N/A,"131,136","341,556",R,"341,556",R,52.18,45.11,0,2.72,53.64,46.36
2006,Georgia,"2,122,258","1,229,724","811,049",N/A,"81,485","418,675",R,"418,675",R,57.94,38.22,0,3.84,60.26,39.74
2006,Hawaii,"344,315","215,313","121,717","5,435","1,850","93,596",R,"93,596",R,62.53,35.35,1.58,0.54,63.89,36.11
2006,Idaho,"450,832","237,437","198,845",N/A,"14,550","38,592",R,"38,592",R,52.67,44.11,0,3.23,54.42,45.58
2006,Illinois,"3,487,989","1,369,315","1,736,731","361,336","20,607","367,416",D,"367,416",D,39.26,49.79,10.36,0.59,44.09,55.91
2006,Iowa,"1,053,255","467,425","569,021",N/A,"16,809","101,596",D,"101,596",D,44.38,54.02,0,1.6,45.1,54.9
2006,Kansas,"849,700","343,586","491,993",N/A,"14,121","148,407",D,"148,407",D,40.44,57.9,0,1.66,41.12,58.88
2006,Maine,"550,865","166,425","209,927","118,715","55,798","43,502",D,"43,502",D,30.21,38.11,21.55,10.13,44.22,55.78
2006,Maryland,"1,788,316","825,464","942,279",N/A,"20,573","116,815",D,"116,815",D,46.16,52.69,0,1.15,46.7,53.3
2006,Massachusetts,"2,219,779","784,342","1,234,984",N/A,"200,453","450,642",D,"450,642",D,35.33,55.64,0,9.03,38.84,61.16
2006,Michigan,"3,801,256","1,608,086","2,142,513",N/A,"50,657","534,427",D,"534,427",D,42.3,56.36,0,1.33,42.88,57.12
2006,Minnesota,"2,202,937","1,028,568","1,007,460",N/A,"166,909","21,108",R,"21,108",R,46.69,45.73,0,7.58,50.52,49.48
2006,Nebraska,"593,357","435,507","145,115",N/A,"12,735","290,392",R,"290,392",R,73.4,24.46,0,2.15,75.01,24.99
2006,Nevada,"582,158","279,003","255,684",N/A,"47,471","23,319",R,"23,319",R,47.93,43.92,0,8.15,52.18,47.82
2006,New Hampshire,"403,679","104,288","298,760",N/A,631,"194,472",D,"194,472",D,25.83,74.01,0,0.16,25.87,74.13
2006,New Mexico,"559,170","174,364","384,806",N/A,N/A,"210,442",D,"210,442",D,31.18,68.82,0,0,31.18,68.82
2006,New York,"4,437,220","1,274,335","3,086,709",N/A,"76,176","1,812,374",D,"1,812,374",D,28.72,69.56,0,1.72,29.22,70.78
2006,Ohio,"4,022,754","1,474,285","2,435,384",N/A,"113,085","961,099",D,"961,099",D,36.65,60.54,0,2.81,37.71,62.29
2006,Oklahoma,"926,462","310,327","616,135",N/A,N/A,"305,808",D,"305,808",D,33.5,66.5,0,0,33.5,66.5
2006,Oregon,"1,379,475","589,748","699,786",N/A,"89,941","110,038",D,"110,038",D,42.75,50.73,0,6.52,45.73,54.27
2006,Pennsylvania,"4,096,077","1,622,135","2,470,517",N/A,"3,425","848,382",D,"848,382",D,39.6,60.31,0,0.08,39.64,60.36
2006,Rhode Island,"387,010","197,366","189,562",N/A,82,"7,804",R,"7,804",R,51,48.98,0,0.02,51.01,48.99
2006,South Carolina,"1,091,952","601,868","489,076",N/A,"1,008","112,792",R,"112,792",R,55.12,44.79,0,0.09,55.17,44.83
2006,South Dakota,"335,508","206,990","121,226",N/A,"7,292","85,764",R,"85,764",R,61.69,36.13,0,2.17,63.07,36.93
2006,Tennessee,"1,818,549","540,853","1,247,491",N/A,"30,205","706,638",D,"706,638",D,29.74,68.6,0,1.66,30.24,69.76
2006,Texas,"4,399,116","1,716,792","1,310,337","796,851","575,136","406,455",R,"406,455",R,39.03,29.79,18.11,13.07,56.71,43.29
2006,Vermont,"262,524","148,014","108,090",N/A,"6,420","39,924",R,"39,924",R,56.38,41.17,0,2.45,57.79,42.21
2006,Wisconsin,"2,161,700","979,427","1,139,115",N/A,"43,158","159,688",D,"159,688",D,45.31,52.7,0,2,46.23,53.77
2006,Wyoming,"193,892","58,100","135,516",N/A,276,"77,416",D,"77,416",D,29.97,69.89,0,0.14,30.01,69.99
2007,Kentucky,"1,055,325","435,773","619,552",N/A,N/A,"183,779",D,"183,779",D,41.29,58.71,0,0,41.29,58.71
2007,Louisiana,"1,297,840","699,275","226,476","186,682","185,407","472,799",R,"472,799",R,53.88,17.45,14.38,14.29,75.54,24.46
2007,Mississippi,"744,039","430,807","313,232",N/A,N/A,"117,575",R,"117,575",R,57.9,42.1,0,0,57.9,42.1
2008,Delaware,"395,204","126,662","266,861",N/A,"1,681","140,199",D,"140,199",D,32.05,67.52,0,0.43,32.19,67.81
2008,Indiana,"2,703,752","1,563,885","1,082,463",N/A,"57,404","481,422",R,"481,422",R,57.84,40.04,0,2.12,59.1,40.9
2008,Missouri,"2,877,778","1,136,364","1,680,611",N/A,"60,803","544,247",D,"544,247",D,39.49,58.4,0,2.11,40.34,59.66
2008,Montana,"486,734","158,268","318,670",N/A,"9,796","160,402",D,"160,402",D,32.52,65.47,0,2.01,33.18,66.82
2008,New Hampshire,"682,910","188,555","479,042",N/A,"15,313","290,487",D,"290,487",D,27.61,70.15,0,2.24,28.24,71.76
2008,North Carolina,"4,268,941","2,001,168","2,146,189",N/A,"121,584","145,021",D,"145,021",D,46.88,50.27,0,2.85,48.25,51.75
2008,North Dakota,"315,692","235,009","74,279",N/A,"6,404","160,730",R,"160,730",R,74.44,23.53,0,2.03,75.98,24.02
2008,Utah,"945,525","734,049","186,503",N/A,"24,973","547,546",R,"547,546",R,77.63,19.72,0,2.64,79.74,20.26
2008,Vermont,"319,085","170,492","69,534","69,791","9,268","100,701",R,"100,958",R,53.43,21.79,21.87,2.9,71.03,28.97
2008,Washington,"3,002,862","1,404,124","1,598,738",N/A,N/A,"194,614",D,"194,614",D,46.76,53.24,0,0,46.76,53.24
2008,West Virginia,"706,046","181,612","492,697",N/A,"31,737","311,085",D,"311,085",D,25.72,69.78,0,4.5,26.93,73.07
2009,New Jersey,"2,423,792","1,174,445","1,087,731","139,579","22,037","86,714",R,"86,714",R,48.45,44.88,5.76,0.91,51.92,48.08
2009,Virginia,"1,985,103","1,163,651","818,950","2,502",N/A,"344,701",R,"344,701",R,58.62,41.25,0.13,0,58.69,41.31
2010,Alabama,"1,494,273","860,472","625,710","8,091",N/A,"234,762",R,"234,762",R,57.58,41.87,0.54,0,57.9,42.1
2010,Alaska,"256,192","151,318","96,519","4,775","3,580","54,799",R,"54,799",R,59.06,37.67,1.86,1.4,61.06,38.94
2010,Arizona,"1,728,081","938,934","733,935","38,722","16,490","204,999",R,"204,999",R,54.33,42.47,2.24,0.95,56.13,43.87
2010,Arkansas,"781,333","262,784","503,336","14,513",700,"240,552",D,"240,552",D,33.63,64.42,1.86,0.09,34.3,65.7
2010,California,10095185,"4,127,391","5,428,149","166,312","373,333","1,300,758",D,"1,300,758",D,40.88,53.77,1.65,3.7,43.19,56.81
2010,Colorado,"1,793,148","199,792","915,436","652,376","25,544","263,060",D,"715,644",D,11.14,51.05,36.38,1.42,17.91,82.09
2010,Connecticut,"1,145,799","560,874","567,278","17,629",18,"6,404",D,"6,404",D,48.95,49.51,1.54,0,49.72,50.28
2010,Florida,"5,359,735","2,619,335","2,557,785","123,831","58,784","61,550",R,"61,550",R,48.87,47.72,2.31,1.1,50.59,49.41
2010,Georgia,"2,576,161","1,365,832","1,107,011","103,194",124,"258,821",R,"258,821",R,53.02,42.97,4.01,0,55.23,44.77
2010,Hawaii,"382,563","157,311","222,724","1,265","1,263","65,413",D,"65,413",D,41.12,58.22,0.33,0.33,41.39,58.61
2010,Idaho,"452,535","267,483","148,680","26,655","9,717","118,803",R,"118,803",R,59.11,32.85,5.89,2.15,64.27,35.73
2010,Illinois,"3,729,989","1,713,385","1,745,219","135,705","135,680","31,834",D,"31,834",D,45.94,46.79,3.64,3.64,49.54,50.46
2010,Iowa,"1,122,013","592,494","484,798","20,859","23,862","107,696",R,"107,696",R,52.81,43.21,1.86,2.13,55,45
2010,Kansas,"838,790","530,760","270,166","22,460","15,404","260,594",R,"260,594",R,63.28,32.21,2.68,1.84,66.27,33.73
2010,Maine,"572,766","218,065","109,387","208,270","37,044","9,795",R,"108,678",R,38.07,19.1,36.36,6.47,66.59,33.41
2010,Maryland,"1,857,880","776,319","1,044,961","14,137","22,463","268,642",D,"268,642",D,41.79,56.24,0.76,1.21,42.62,57.38
2010,Massachusetts,"2,297,039","964,866","1,112,283","184,395","35,495","147,417",D,"147,417",D,42,48.42,8.03,1.55,46.45,53.55
2010,Michigan,"3,226,088","1,874,834","1,287,320","22,390","41,544","587,514",R,"587,514",R,58.11,39.9,0.69,1.29,59.29,40.71
2010,Minnesota,"2,107,021","910,462","919,232","251,487","25,840","8,770",D,"8,770",D,43.21,43.63,11.94,1.23,49.76,50.24
2010,Nebraska,"487,988","360,645","127,343",N/A,N/A,"233,302",R,"233,302",R,73.9,26.1,0,0,73.9,26.1
2010,Nevada,"716,529","382,350","298,171","12,231","23,777","84,179",R,"84,179",R,53.36,41.61,1.71,3.32,56.18,43.82
2010,New Hampshire,"456,588","205,616","240,346","10,089",537,"34,730",D,"34,730",D,45.03,52.64,2.21,0.12,46.11,53.89
2010,New Mexico,"602,827","321,219","280,614",994,N/A,"40,605",R,"40,605",R,53.29,46.55,0.16,0,53.37,46.63
2010,New York,"4,658,825","1,548,184","2,911,721","59,929","138,991","1,363,537",D,"1,363,537",D,33.23,62.5,1.29,2.98,34.71,65.29
2010,Ohio,"3,852,469","1,889,186","1,812,059","92,116","59,108","77,127",R,"77,127",R,49.04,47.04,2.39,1.53,51.04,48.96
2010,Oklahoma,"1,034,767","625,506","409,261",N/A,N/A,"216,245",R,"216,245",R,60.45,39.55,0,0,60.45,39.55
2010,Oregon,"1,453,548","694,287","716,525","20,475","22,261","22,238",D,"22,238",D,47.76,49.29,1.41,1.53,49.21,50.79
2010,Pennsylvania,"3,989,102","2,172,763","1,814,788","1,551",N/A,"357,975",R,"357,975",R,54.47,45.49,0.04,0,54.49,45.51
2010,Rhode Island,"342,545","114,911","78,896","123,571","25,167","8,660",T,"36,015",R,33.55,23.03,36.07,7.35,59.29,40.71
2010,South Carolina,"1,344,198","690,525","630,534","20,114","3,025","59,991",R,"59,991",R,51.37,46.91,1.5,0.23,52.27,47.73
2010,South Dakota,"317,083","195,046","122,037",N/A,N/A,"73,009",R,"73,009",R,61.51,38.49,0,0,61.51,38.49
2010,Tennessee,"1,601,549","1,041,545","529,851","6,536","23,617","511,694",R,"511,694",R,65.03,33.08,0.41,1.47,66.28,33.72
2010,Texas,"4,979,870","2,737,481","2,106,395","109,211","26,783","631,086",R,"631,086",R,54.97,42.3,2.19,0.54,56.51,43.49
2010,Vermont,"241,605","115,212","119,543","1,917","4,933","4,331",D,"4,331",D,47.69,49.48,0.79,2.04,49.08,50.92
2010,Wisconsin,"2,160,832","1,128,941","1,004,303","10,608","16,980","124,638",R,"124,638",R,52.25,46.48,0.49,0.79,52.92,47.08
2010,Wyoming,"188,463","123,780","43,240","16,081","5,362","80,540",R,"80,540",R,65.68,22.94,8.53,2.85,74.11,25.89
2011,Kentucky,"833,139","294,034","464,245","74,860",N/A,"170,211",D,"170,211",D,35.29,55.72,8.99,0,38.78,61.22
2011,Louisiana,"1,023,163","673,239","182,925","50,071","116,928","490,314",R,"490,314",R,65.8,17.88,4.89,11.43,78.63,21.37
2011,Mississippi,"893,468","544,851","348,617",N/A,N/A,"196,234",R,"196,234",R,60.98,39.02,0,0,60.98,39.02
2012,Delaware,"398,033","113,793","275,993","4,575","3,672","162,200",D,"162,200",D,28.59,69.34,1.15,0.92,29.19,70.81
2012,Indiana,"2,577,329","1,275,424","1,200,016","101,868",21,"75,408",R,"75,408",R,49.49,46.56,3.95,0,51.52,48.48
2012,Missouri,"2,727,883","1,160,265","1,494,056","73,509",53,"333,791",D,"333,791",D,42.53,54.77,2.69,0,43.71,56.29
2012,Montana,"483,489","228,879","236,450","18,160",N/A,"7,571",D,"7,571",D,47.34,48.9,3.76,0,49.19,50.81
2012,New Hampshire,"693,877","295,026","378,934","19,251",666,"83,908",D,"83,908",D,42.52,54.61,2.77,0.1,43.78,56.22
2012,North Carolina,"4,468,295","2,440,707","1,931,580","94,652","1,356","509,127",R,"509,127",R,54.62,43.23,2.12,0.03,55.82,44.18
2012,North Dakota,"317,812","200,526","109,047","5,356","2,883","91,479",R,"91,479",R,63.1,34.31,1.69,0.91,64.78,35.22
2012,Utah,"1,006,524","688,592","277,622","22,611","17,699","410,970",R,"410,970",R,68.41,27.58,2.25,1.76,71.27,28.73
2012,Vermont,"295,261","110,940","170,598","5,868","7,855","59,658",D,"59,658",D,37.57,57.78,1.99,2.66,39.4,60.6
2012,Washington,"3,071,047","1,488,245","1,582,802",N/A,N/A,"94,557",D,"94,557",D,48.46,51.54,0,0,48.46,51.54
2012,West Virginia,"664,455","303,291","335,468","16,787","8,909","32,177",D,"32,177",D,45.65,50.49,2.53,1.34,47.48,52.52
2013,New Jersey,"2,120,866","1,278,932","809,978","12,155","19,801","468,954",R,"468,954",R,60.3,38.19,0.57,0.93,61.22,38.78
2013,Virginia,"2,241,071","1,013,354","1,069,789","146,084","11,844","56,435",D,"56,435",D,45.22,47.74,6.52,0.53,48.65,51.35
2014,Alabama,"1,180,413","750,231","427,787","2,395",N/A,"322,444",R,"322,444",R,63.56,36.24,0.2,0,63.69,36.31
2014,Alaska,"279,958","128,435",N/A,"134,658","16,865","6,223",T,"128,435",R,45.88,0,48.1,6.02,100,0
2014,Arizona,"1,506,416","805,062","626,921","57,337","17,096","178,141",R,"178,141",R,53.44,41.62,3.81,1.13,56.22,43.78
2014,Arkansas,"848,592","470,429","352,115","16,319","9,729","118,314",R,"118,314",R,55.44,41.49,1.92,1.15,57.19,42.81
2014,California,"7,317,581","2,929,213","4,388,368",N/A,N/A,"1,459,155",D,"1,459,155",D,40.03,59.97,0,0,40.03,59.97
2014,Colorado,"2,041,607","938,195","1,006,433","39,590","57,389","68,238",D,"68,238",D,45.95,49.3,1.94,2.81,48.25,51.75
2014,Connecticut,"1,092,773","526,295","554,314","11,456",708,"28,019",D,"28,019",D,48.16,50.73,1.05,0.06,48.7,51.3
2014,Florida,"5,951,561","2,865,343","2,801,198","223,356","61,664","64,145",R,"64,145",R,48.14,47.07,3.75,1.04,50.57,49.43
2014,Georgia,"2,550,648","1,345,237","1,144,794","60,185",432,"200,443",R,"200,443",R,52.74,44.88,2.36,0.02,54.02,45.98
2014,Hawaii,"366,210","135,775","181,106","42,934","6,395","45,331",D,"45,331",D,37.08,49.45,11.72,1.75,42.85,57.15
2014,Idaho,"439,830","235,405","169,556","17,884","16,985","65,849",R,"65,849",R,53.52,38.55,4.07,3.86,58.13,41.87
2014,Illinois,"3,627,690","1,823,627","1,681,343","121,534","1,186","142,284",R,"142,284",R,50.27,46.35,3.35,0.03,52.03,47.97
2014,Iowa,"1,129,057","666,032","420,787","20,321","21,917","245,245",R,"245,245",R,58.99,37.27,1.8,1.94,61.28,38.72
2014,Kansas,"869,502","433,196","401,100","35,206",N/A,"32,096",R,"32,096",R,49.82,46.13,4.05,0,51.92,48.08
2014,Maine,"611,227","294,519","265,114","51,515",79,"29,405",R,"29,405",R,48.18,43.37,8.43,0.01,52.63,47.37
2014,Maryland,"1,733,177","884,400","818,890","25,382","4,505","65,510",R,"65,510",R,51.03,47.25,1.46,0.26,51.92,48.08
2014,Massachusetts,"2,158,326","1,044,573","1,004,408","71,814","37,531","40,165",R,"40,165",R,48.4,46.54,3.33,1.74,50.98,49.02
2014,Michigan,"3,156,531","1,607,399","1,479,057","35,723","34,352","128,342",R,"128,342",R,50.92,46.86,1.13,1.09,52.08,47.92
2014,Minnesota,"1,975,406","879,257","989,113","56,900","50,136","109,856",D,"109,856",D,44.51,50.07,2.88,2.54,47.06,52.94
2014,Nebraska,"540,202","308,751","211,905","19,001",545,"96,846",R,"96,846",R,57.15,39.23,3.52,0.1,59.3,40.7
2014,Nevada,"547,349","386,340","130,722","15,751","14,536","255,618",R,"255,618",R,70.58,23.88,2.88,2.66,74.72,25.28
2014,New Hampshire,"486,183","230,610","254,666",907,N/A,"24,056",D,"24,056",D,47.43,52.38,0.19,0,47.52,52.48
2014,New Mexico,"512,805","293,443","219,362",N/A,N/A,"74,081",R,"74,081",R,57.22,42.78,0,0,57.22,42.78
2014,New York,"3,819,086","1,537,077","2,069,480","184,419","28,110","532,403",D,"532,403",D,40.25,54.19,4.83,0.74,42.62,57.38
2014,Ohio,"3,055,913","1,944,848","1,009,359","101,706",N/A,"935,489",R,"935,489",R,63.64,33.03,3.33,0,65.83,34.17
2014,Oklahoma,"824,831","460,298","338,239","17,169","9,125","122,059",R,"122,059",R,55.81,41.01,2.08,1.11,57.64,42.36
2014,Oregon,"1,469,717","648,542","733,230","29,561","58,384","84,688",D,"84,688",D,44.13,49.89,2.01,3.97,46.94,53.06
2014,Pennsylvania,"3,495,866","1,575,511","1,920,355",N/A,N/A,"344,844",D,"344,844",D,45.07,54.93,0,0,45.07,54.93
2014,Rhode Island,"324,055","117,428","131,899","69,278","5,450","14,471",D,"14,471",D,36.24,40.7,21.38,1.68,47.1,52.9
2014,South Carolina,"1,246,301","696,645","516,166","15,438","18,052","180,479",R,"180,479",R,55.9,41.42,1.24,1.45,57.44,42.56
2014,South Dakota,"277,403","195,477","70,549","11,377",N/A,"124,928",R,"124,928",R,70.47,25.43,4.1,0,73.48,26.52
2014,Tennessee,"1,353,728","951,796","309,237","30,579","62,116","642,559",R,"642,559",R,70.31,22.84,2.26,4.59,75.48,24.52
2014,Texas,"4,718,268","2,796,547","1,835,596","66,543","19,582","960,951",R,"960,951",R,59.27,38.9,1.41,0.42,60.37,39.63
2014,Vermont,"193,087","87,075","89,509","8,428","8,075","2,434",D,"2,434",D,45.1,46.36,4.36,4.18,49.31,50.69
2014,Wisconsin,"2,410,314","1,259,706","1,122,913","18,720","8,975","136,793",R,"136,793",R,52.26,46.59,0.78,0.37,52.87,47.13
2014,Wyoming,"167,877","99,700","45,752","9,895","12,530","53,948",R,"53,948",R,59.39,27.25,5.89,7.46,68.54,31.46
2015,Kentucky,"973,692","511,374","426,620","35,597",101,"84,754",R,"84,754",R,52.52,43.81,3.66,0.01,54.52,45.48
2015,Louisiana,"1,152,864","505,940","646,924",N/A,N/A,"140,984",D,"140,984",D,43.89,56.11,0,0,43.89,56.11
2015,Mississippi,"725,207","480,399","234,858","9,950",N/A,"245,541",R,"245,541",R,66.24,32.38,1.37,0,67.16,32.84
2016,Delaware,"425,812","166,852","248,404","5,951","4,605","81,552",D,"81,552",D,39.18,58.34,1.4,1.08,40.18,59.82
2016,Indiana,"2,719,968","1,397,396","1,235,503","87,025",44,"161,893",R,"161,893",R,51.38,45.42,3.2,0,53.07,46.93
2016,Missouri,"2,803,046","1,433,397","1,277,360","41,154","51,135","156,037",R,"156,037",R,51.14,45.57,1.47,1.82,52.88,47.12
2016,Montana,"509,360","236,115","255,933","17,312",N/A,"19,818",D,"19,818",D,46.36,50.25,3.4,0,47.99,52.01
2016,New Hampshire,"724,863","354,040","337,589","31,243","1,991","16,451",R,"16,451",R,48.84,46.57,4.31,0.27,51.19,48.81
2016,North Carolina,"4,711,014","2,298,880","2,309,157","102,977",N/A,"10,277",D,"10,277",D,48.8,49.02,2.19,0,49.89,50.11
2016,North Dakota,"339,601","259,863","65,855","13,230",653,"194,008",R,"194,008",R,76.52,19.39,3.9,0.19,79.78,20.22
2016,Oregon,"1,946,046","845,609","985,027","47,481","67,929","139,418",D,"139,418",D,43.45,50.62,2.44,3.49,46.19,53.81
2016,Utah,"1,125,035","750,850","323,349","34,827","16,009","427,501",R,"427,501",R,66.74,28.74,3.1,1.42,69.9,30.1
2016,Vermont,"315,295","166,817","139,253","8,912",313,"27,564",R,"27,564",R,52.91,44.17,2.83,0.1,54.5,45.5
2016,Washington,"3,245,282","1,476,346","1,760,520","8,416",N/A,"284,174",D,"284,174",D,45.49,54.25,0.26,0,45.61,54.39
2016,West Virginia,"713,879","301,987","350,408","42,068","19,416","48,421",D,"48,421",D,42.3,49.09,5.89,2.72,46.29,53.71
2017,New Jersey,"2,147,415","899,583","1,203,110","12,294","32,428","303,527",D,"303,527",D,41.89,56.03,0.57,1.51,42.78,57.22
2017,Virginia,"2,614,282","1,175,731","1,409,175","27,987","1,389","233,444",D,"233,444",D,44.97,53.9,1.07,0.05,45.48,54.52
1975,Kentucky,"748,157","277,998","470,159",N/A,N/A,"192,161",D,"192,161",D,37.16,62.84,0,0,37.16,62.84
1975,Louisiana,Unopposed,N/A,N/A,"430,095",N/A,"430,095",T,0,R,0,0,100,0,0,0
1975,Mississippi,"708,033","319,632","369,568",N/A,"18,833","49,936",D,"49,936",D,45.14,52.2,0,2.66,46.38,53.62
1974,Alabama,"598,305","88,381","497,574","12,350",N/A,"409,193",D,"409,193",D,14.77,83.16,2.06,0,15.08,84.92
1974,Alaska,"96,163","45,840","45,553",N/A,"4,770",287,R,287,R,47.67,47.37,0,4.96,50.16,49.84
1974,Arizona,"552,202","273,674","278,375",N/A,153,"4,701",D,"4,701",D,49.56,50.41,0,0.03,49.57,50.43
1974,Arkansas,"545,974","187,872","358,018",N/A,84,"170,146",D,"170,146",D,34.41,65.57,0,0.02,34.42,65.58
1974,California,"6,248,070","2,952,954","3,131,648",N/A,"163,468","178,694",D,"178,694",D,47.26,50.12,0,2.62,48.53,51.47
1974,Colorado,"828,968","378,907","441,199",N/A,"8,862","62,292",D,"62,292",D,45.71,53.22,0,1.07,46.2,53.8
1974,Connecticut,"1,102,773","440,169","643,490",N/A,"19,114","203,321",D,"203,321",D,39.91,58.35,0,1.73,40.62,59.38
1974,Florida,"1,828,392","709,438","1,118,954",N/A,N/A,"409,516",D,"409,516",D,38.8,61.2,0,0,38.8,61.2
1974,Georgia,"936,438","289,113","646,777",N/A,548,"357,664",D,"357,664",D,30.87,69.07,0,0.06,30.89,69.11
1974,Hawaii,"249,650","113,388","136,262",N/A,N/A,"22,874",D,"22,874",D,45.42,54.58,0,0,45.42,54.58
1974,Idaho,"259,632","68,731","184,142",N/A,"6,759","115,411",D,"115,411",D,26.47,70.92,0,2.6,27.18,72.82
1974,Iowa,"920,458","534,518","377,553",N/A,"8,387","156,965",R,"156,965",R,58.07,41.02,0,0.91,58.6,41.4
1974,Kansas,"783,875","387,792","384,115",N/A,"11,968","3,677",R,"3,677",R,49.47,49,0,1.53,50.24,49.76
1974,Maine,"363,945","84,176","132,219",N/A,"147,550","15,331",O,"48,043",D,23.13,36.33,0,40.54,38.9,61.1
1974,Maryland,"949,097","346,449","602,648",N/A,N/A,"256,199",D,"256,199",D,36.5,63.5,0,0,36.5,63.5
1974,Massachusetts,"1,854,798","784,353","992,284",N/A,"78,161","207,931",D,"207,931",D,42.29,53.5,0,4.21,44.15,55.85
1974,Michigan,"2,657,020","1,356,865","1,242,250",N/A,"57,905","114,615",R,"114,615",R,51.07,46.75,0,2.18,52.2,47.8
1974,Minnesota,"1,252,898","367,722","786,787",N/A,"98,389","419,065",D,"419,065",D,29.35,62.8,0,7.85,31.85,68.15
1974,Nebraska,"451,306","159,780","267,012",N/A,"24,514","107,232",D,"107,232",D,35.4,59.16,0,5.43,37.44,62.56
1974,Nevada,"169,358","28,959","114,114",N/A,"26,285","85,155",D,"85,155",D,17.1,67.38,0,15.52,20.24,79.76
1974,New Hampshire,"226,665","115,933","110,591",N/A,141,"5,342",R,"5,342",R,51.15,48.79,0,0.06,51.18,48.82
1974,New Mexico,"328,742","160,430","164,172",N/A,"4,140","3,742",D,"3,742",D,48.8,49.94,0,1.26,49.42,50.58
1974,New York,"5,293,176","2,219,667","3,028,503",N/A,"45,006","808,836",D,"808,836",D,41.93,57.22,0,0.85,42.29,57.71
1974,Ohio,"3,072,010","1,493,679","1,482,191",N/A,"96,140","11,488",R,"11,488",R,48.62,48.25,0,3.13,50.19,49.81
1974,Oklahoma,"804,842","290,459","514,383",N/A,N/A,"223,924",D,"223,924",D,36.09,63.91,0,0,36.09,63.91
1974,Oregon,"770,574","324,751","444,812",N/A,"1,011","120,061",D,"120,061",D,42.14,57.72,0,0.13,42.2,57.8
1974,Pennsylvania,"3,491,234","1,578,917","1,878,252",N/A,"34,065","299,335",D,"299,335",D,45.23,53.8,0,0.98,45.67,54.33
1974,Rhode Island,"321,660","69,224","252,436",N/A,N/A,"183,212",D,"183,212",D,21.52,78.48,0,0,21.52,78.48
1974,South Carolina,"523,199","266,109","248,938",N/A,"8,152","17,171",R,"17,171",R,50.86,47.58,0,1.56,51.67,48.33
1974,South Dakota,"278,228","129,077","149,151",N/A,N/A,"20,074",D,"20,074",D,46.39,53.61,0,0,46.39,53.61
1974,Tennessee,"1,040,714","455,467","576,833",N/A,"8,414","121,366",D,"121,366",D,43.76,55.43,0,0.81,44.12,55.88
1974,Texas,"1,654,957","514,725","1,016,334",N/A,"123,898","501,609",D,"501,609",D,31.1,61.41,0,7.49,33.62,66.38
1974,Vermont,"141,156","53,672","79,842",N/A,"7,642","26,170",D,"26,170",D,38.02,56.56,0,5.41,40.2,59.8
1974,Wisconsin,"1,181,976","497,195","628,639",N/A,"56,142","131,444",D,"131,444",D,42.06,53.19,0,4.75,44.16,55.84
1974,Wyoming,"128,386","56,645","71,741",N/A,N/A,"15,096",D,"15,096",D,44.12,55.88,0,0,44.12,55.88
1973,New Jersey,"2,122,010","676,235","1,414,613",N/A,"31,162","738,378",D,"738,378",D,31.87,66.66,0,1.47,32.34,67.66
1973,Virginia,"1,035,495","525,075",N/A,"510,103",317,"14,972",R,"525,075",R,50.71,0,49.26,0.03,100,0
1972,Arkansas,"648,069","159,177","488,892",N/A,N/A,"329,715",D,"329,715",D,24.56,75.44,0,0,24.56,75.44
1972,Delaware,"228,722","109,583","117,274",N/A,"1,865","7,691",D,"7,691",D,47.91,51.27,0,0.82,48.3,51.7
1972,Illinois,"4,678,802","2,293,809","2,371,301",N/A,"13,692","77,492",D,"77,492",D,49.03,50.68,0,0.29,49.17,50.83
1972,Indiana,"2,120,847","1,203,903","900,489",N/A,"16,455","303,414",R,"303,414",R,56.77,42.46,0,0.78,57.21,42.79
1972,Iowa,"1,210,222","707,177","487,282",N/A,"15,763","219,895",R,"219,895",R,58.43,40.26,0,1.3,59.2,40.8
1972,Kansas,"921,550","341,438","571,256",N/A,"8,856","229,818",D,"229,818",D,37.05,61.99,0,0.96,37.41,62.59
1972,Louisiana,"1,121,570","480,424","641,146",N/A,N/A,"160,722",D,"160,722",D,42.83,57.17,0,0,42.83,57.17
1972,Missouri,"1,865,683","1,029,451","832,751",N/A,"3,481","196,700",R,"196,700",R,55.18,44.64,0,0.19,55.28,44.72
1972,Montana,"318,754","146,231","172,523",N/A,N/A,"26,292",D,"26,292",D,45.88,54.12,0,0,45.88,54.12
1972,New Hampshire,"323,102","133,702","126,107",N/A,"63,293","7,595",R,"7,595",R,41.38,39.03,0,19.59,51.46,48.54
1972,North Carolina,"1,504,785","767,470","729,104",N/A,"8,211","38,366",R,"38,366",R,51,48.45,0,0.55,51.28,48.72
1972,North Dakota,"281,931","138,032","143,899",N/A,N/A,"5,867",D,"5,867",D,48.96,51.04,0,0,48.96,51.04
1972,Rhode Island,"412,866","194,315","216,953",N/A,"1,598","22,638",D,"22,638",D,47.06,52.55,0,0.39,47.25,52.75
1972,South Dakota,"308,177","123,165","185,012",N/A,N/A,"61,847",D,"61,847",D,39.97,60.03,0,0,39.97,60.03
1972,Texas,"3,410,071","1,534,060","1,633,913",N/A,"242,098","99,853",D,"99,853",D,44.99,47.91,0,7.1,48.42,51.58
1972,Utah,"476,447","144,449","331,998",N/A,N/A,"187,549",D,"187,549",D,30.32,69.68,0,0,30.32,69.68
1972,Vermont,"189,237","82,491","104,533",N/A,"2,213","22,042",D,"22,042",D,43.59,55.24,0,1.17,44.11,55.89
1972,Washington,"1,472,542","747,825","630,613",N/A,"94,104","117,212",R,"117,212",R,50.78,42.82,0,6.39,54.25,45.75
1972,West Virginia,"774,279","423,817","350,462",N/A,N/A,"73,355",R,"73,355",R,54.74,45.26,0,0,54.74,45.26
1971,Kentucky,"930,792","412,653","470,722",N/A,"47,417","58,069",D,"58,069",D,44.33,50.57,0,5.09,46.71,53.29
1971,Mississippi,"780,537",N/A,"601,122",N/A,"179,415","421,707",D,"601,122",D,0,77.01,0,22.99,0,100
1970,Alabama,"854,952",N/A,"637,046",N/A,"217,906","419,140",D,"637,046",D,0,74.51,0,25.49,0,100
1970,Alaska,"80,779","37,264","42,309",N/A,"1,206","5,045",D,"5,045",D,46.13,52.38,0,1.49,46.83,53.17
1970,Arizona,"411,409","209,522","201,887",N/A,N/A,"7,635",R,"7,635",R,50.93,49.07,0,0,50.93,49.07
1970,Arkansas,"608,198","196,418","375,648",N/A,"36,132","179,230",D,"179,230",D,32.3,61.76,0,5.94,34.33,65.67
1970,California,"6,510,272","3,439,664","2,938,807",N/A,"131,801","500,857",R,"500,857",R,52.83,45.14,0,2.02,53.93,46.07
1970,Colorado,"668,496","350,690","302,432",N/A,"15,374","48,258",R,"48,258",R,52.46,45.24,0,2.3,53.69,46.31
1970,Connecticut,"1,082,797","582,160","500,561",N/A,76,"81,599",R,"81,599",R,53.76,46.23,0,0.01,53.77,46.23
1970,Florida,"1,730,813","746,243","984,305",N/A,265,"238,062",D,"238,062",D,43.12,56.87,0,0.02,43.12,56.88
1970,Georgia,"1,046,663","424,983","620,419",N/A,"1,261","195,436",D,"195,436",D,40.6,59.28,0,0.12,40.65,59.35
1970,Hawaii,"239,061","101,249","137,812",N/A,N/A,"36,563",D,"36,563",D,42.35,57.65,0,0,42.35,57.65
1970,Idaho,"245,112","117,108","128,004",N/A,N/A,"10,896",D,"10,896",D,47.78,52.22,0,0,47.78,52.22
1970,Iowa,"791,241","403,394","368,911",N/A,"18,936","34,483",R,"34,483",R,50.98,46.62,0,2.39,52.23,47.77
1970,Kansas,"745,196","333,227","404,611",N/A,"7,358","71,384",D,"71,384",D,44.72,54.3,0,0.99,45.16,54.84
1970,Maine,"325,386","162,248","163,138",N/A,N/A,890,D,890,D,49.86,50.14,0,0,49.86,50.14
1970,Maryland,"973,099","314,336","639,579",N/A,"19,184","325,243",D,"325,243",D,32.3,65.73,0,1.97,32.95,67.05
1970,Massachusetts,"1,867,906","1,058,623","799,269",N/A,"10,014","259,354",R,"259,354",R,56.67,42.79,0,0.54,56.98,43.02
1970,Michigan,"2,656,093","1,338,711","1,294,600",N/A,"22,782","44,111",R,"44,111",R,50.4,48.74,0,0.86,50.84,49.16
1970,Minnesota,"1,365,443","621,780","737,921",N/A,"5,742","116,141",D,"116,141",D,45.54,54.04,0,0.42,45.73,54.27
1970,Nebraska,"461,619","201,994","248,552",N/A,"11,073","46,558",D,"46,558",D,43.76,53.84,0,2.4,44.83,55.17
1970,Nevada,"146,991","64,400","70,697",N/A,"11,894","6,297",D,"6,297",D,43.81,48.1,0,8.09,47.67,52.33
1970,New Hampshire,"222,441","102,298","98,098",N/A,"22,045","4,200",R,"4,200",R,45.99,44.1,0,9.91,51.05,48.95
1970,New Mexico,"290,375","134,640","148,835",N/A,"6,900","14,195",D,"14,195",D,46.37,51.26,0,2.38,47.5,52.5
1970,New York,"6,013,064","3,151,432","2,421,426",N/A,"440,206","730,006",R,"730,006",R,52.41,40.27,0,7.32,56.55,43.45
1970,Ohio,"3,184,131","1,382,657","1,725,560",N/A,"75,914","342,903",D,"342,903",D,43.42,54.19,0,2.38,44.48,55.52
1970,Oklahoma,"698,790","336,157","338,338",N/A,"24,295","2,181",D,"2,181",D,48.11,48.42,0,3.48,49.84,50.16
1970,Oregon,"666,394","369,964","293,892",N/A,"2,538","76,072",R,"76,072",R,55.52,44.1,0,0.38,55.73,44.27
1970,Pennsylvania,"3,700,060","1,542,854","2,043,029",N/A,"114,177","500,175",D,"500,175",D,41.7,55.22,0,3.09,43.03,56.97
1970,Rhode Island,"346,342","171,549","173,420",N/A,"1,373","1,871",D,"1,871",D,49.53,50.07,0,0.4,49.73,50.27
1970,South Carolina,"484,257","221,233","249,951",N/A,"13,073","28,718",D,"28,718",D,45.69,51.62,0,2.7,46.95,53.05
1970,South Dakota,"239,963","108,347","131,616",N/A,N/A,"23,269",D,"23,269",D,45.15,54.85,0,0,45.15,54.85
1970,Tennessee,"1,108,247","575,777","509,521",N/A,"22,949","66,256",R,"66,256",R,51.95,45.98,0,2.07,53.05,46.95
1970,Texas,"2,235,855","1,037,723","1,197,736",N/A,396,"160,013",D,"160,013",D,46.41,53.57,0,0.02,46.42,53.58
1970,Vermont,"153,528","87,458","66,028",N/A,42,"21,430",R,"21,430",R,56.97,43.01,0,0.03,56.98,43.02
1970,Wisconsin,"1,343,160","602,617","728,403",N/A,"12,140","125,786",D,"125,786",D,44.87,54.23,0,0.9,45.27,54.73
1970,Wyoming,"118,257","74,249","44,008",N/A,N/A,"30,241",R,"30,241",R,62.79,37.21,0,0,62.79,37.21
1969,New Jersey,"2,366,606","1,411,905","911,003",N/A,"43,698","500,902",R,"500,902",R,59.66,38.49,0,1.85,60.78,39.22
1969,Virginia,"915,764","480,869","415,695",N/A,"19,200","65,174",R,"65,174",R,52.51,45.39,0,2.1,53.63,46.37
1968,Arizona,"483,998","279,923","204,075",N/A,N/A,"75,848",R,"75,848",R,57.84,42.16,0,0,57.84,42.16
1968,Arkansas,"615,590","322,777","292,813",N/A,N/A,"29,964",R,"29,964",R,52.43,47.57,0,0,52.43,47.57
1968,Delaware,"206,834","104,474","102,360",N/A,N/A,"2,114",R,"2,114",R,50.51,49.49,0,0,50.51,49.49
1968,Illinois,"4,506,000","2,307,295","2,179,501",N/A,"19,204","127,794",R,"127,794",R,51.2,48.37,0,0.43,51.42,48.58
1968,Indiana,"2,049,063","1,080,262","965,816",N/A,"2,985","114,446",R,"114,446",R,52.72,47.13,0,0.15,52.8,47.2
1968,Iowa,"1,135,988","613,827","521,216",N/A,945,"92,611",R,"92,611",R,54.03,45.88,0,0.08,54.08,45.92
1968,Kansas,"862,473","410,673","447,269",N/A,"4,531","36,596",D,"36,596",D,47.62,51.86,0,0.53,47.87,52.13
1968,Louisiana,Unopposed,N/A,N/A,"372,762",N/A,"372,762",T,0,R,0,0,100,0,0,0
1968,Missouri,"1,764,602","691,797","1,072,805",N/A,N/A,"381,008",D,"381,008",D,39.2,60.8,0,0,39.2,60.8
1968,Montana,"278,112","116,432","150,481","11,199",N/A,"34,049",D,"34,049",D,41.87,54.11,4.03,0,43.62,56.38
1968,New Hampshire,"285,342","149,902","135,378",N/A,62,"14,524",R,"14,524",R,52.53,47.44,0,0.02,52.55,47.45
1968,New Mexico,"318,975","160,140","157,230",N/A,"1,605","2,910",R,"2,910",R,50.2,49.29,0,0.5,50.46,49.54
1968,North Carolina,"1,558,308","737,075","821,233",N/A,N/A,"84,158",D,"84,158",D,47.3,52.7,0,0,47.3,52.7
1968,North Dakota,"247,998","108,380","135,955",N/A,"3,663","27,575",D,"27,575",D,43.7,54.82,0,1.48,44.36,55.64
1968,Rhode Island,"383,725","187,958","195,766",N/A,1,"7,808",D,"7,808",D,48.98,51.02,0,0,48.98,51.02
1968,South Dakota,"276,906","159,646","117,260",N/A,N/A,"42,386",R,"42,386",R,57.65,42.35,0,0,57.65,42.35
1968,Texas,"2,916,509","1,254,333","1,662,019",N/A,157,"407,686",D,"407,686",D,43.01,56.99,0,0.01,43.01,56.99
1968,Utah,"421,012","131,729","289,283",N/A,N/A,"157,554",D,"157,554",D,31.29,68.71,0,0,31.29,68.71
1968,Vermont,"161,089","89,387","71,656",N/A,46,"17,731",R,"17,731",R,55.49,44.48,0,0.03,55.51,44.49
1968,Washington,"1,265,354","692,377","560,262",N/A,"12,715","132,115",R,"132,115",R,54.72,44.28,0,1,55.27,44.73
1968,West Virginia,"743,845","378,315","365,530",N/A,N/A,"12,785",R,"12,785",R,50.86,49.14,0,0,50.86,49.14
1968,Wisconsin,"1,689,738","893,463","791,100",N/A,"5,175","102,363",R,"102,363",R,52.88,46.82,0,0.31,53.04,46.96
1967,Kentucky,"886,146","453,323","425,674",N/A,"7,149","27,649",R,"27,649",R,51.16,48.04,0,0.81,51.57,48.43
1967,Mississippi,"448,696","133,378","315,318",N/A,N/A,"181,940",D,"181,940",D,29.73,70.27,0,0,29.73,70.27
